Age Group (years),Year,IPD Serotype,Frequency Count
<2,1998,1,3
<2,1998,10A,3
<2,1998,12F,10
<2,1998,14,245
<2,1998,15B,6
<2,1998,15C,5
<2,1998,16,1
<2,1998,16F,1
<2,1998,18B,1
<2,1998,18C,60
<2,1998,19A,27
<2,1998,19F,75
<2,1998,22F,3
<2,1998,23A,1
<2,1998,23F,54
<2,1998,24F,2
<2,1998,3,3
<2,1998,33F,6
<2,1998,35B,2
<2,1998,35F,1
<2,1998,38,5
<2,1998,4,57
<2,1998,6A,35
<2,1998,6B,78
<2,1998,7F,4
<2,1998,9A,9
<2,1998,9L,1
<2,1998,9N,1
<2,1998,9V,38
<2,1998,MISS,141
<2,1998,NT,4
2-4,1998,1,4
2-4,1998,11A,2
2-4,1998,12F,3
2-4,1998,14,66
2-4,1998,15B,1
2-4,1998,18B,1
2-4,1998,18C,27
2-4,1998,19A,3
2-4,1998,19F,22
2-4,1998,22F,1
2-4,1998,23B,1
2-4,1998,23F,20
2-4,1998,33F,1
2-4,1998,35B,1
2-4,1998,38,2
2-4,1998,4,9
2-4,1998,5,1
2-4,1998,6A,9
2-4,1998,6B,22
2-4,1998,6C,1
2-4,1998,7F,1
2-4,1998,9A,2
2-4,1998,9N,3
2-4,1998,9V,17
2-4,1998,MISS,41
5-17,1998,1,19
5-17,1998,10A,1
5-17,1998,11A,1
5-17,1998,12F,2
5-17,1998,14,12
5-17,1998,15B,4
5-17,1998,18B,1
5-17,1998,18C,8
5-17,1998,18F,1
5-17,1998,19A,3
5-17,1998,19F,5
5-17,1998,22F,1
5-17,1998,23F,9
5-17,1998,3,5
5-17,1998,31,1
5-17,1998,33A,1
5-17,1998,4,7
5-17,1998,5,1
5-17,1998,6A,2
5-17,1998,6B,5
5-17,1998,7F,7
5-17,1998,8,1
5-17,1998,9N,1
5-17,1998,9V,11
5-17,1998,MISS,14
18-49,1998,1,30
18-49,1998,10A,8
18-49,1998,11A,19
18-49,1998,11B,1
18-49,1998,11C,1
18-49,1998,12F,66
18-49,1998,13,5
18-49,1998,14,103
18-49,1998,15A,3
18-49,1998,15B,6
18-49,1998,15C,5
18-49,1998,15F,1
18-49,1998,16,16
18-49,1998,16F,2
18-49,1998,17A,1
18-49,1998,17F,4
18-49,1998,18A,1
18-49,1998,18B,1
18-49,1998,18C,42
18-49,1998,19A,33
18-49,1998,19F,38
18-49,1998,20,8
18-49,1998,21,1
18-49,1998,22F,24
18-49,1998,23A,2
18-49,1998,23F,53
18-49,1998,28,1
18-49,1998,28F,2
18-49,1998,29,1
18-49,1998,3,31
18-49,1998,30,1
18-49,1998,31,7
18-49,1998,33F,8
18-49,1998,34,3
18-49,1998,35B,4
18-49,1998,35F,5
18-49,1998,38,10
18-49,1998,4,148
18-49,1998,5,1
18-49,1998,6A,41
18-49,1998,6B,56
18-49,1998,7F,42
18-49,1998,8,19
18-49,1998,9A,9
18-49,1998,9N,29
18-49,1998,9V,111
18-49,1998,MISS,131
18-49,1998,NT,1
50-64,1998,1,13
50-64,1998,10A,4
50-64,1998,11A,10
50-64,1998,12F,21
50-64,1998,13,1
50-64,1998,14,48
50-64,1998,15A,1
50-64,1998,15B,1
50-64,1998,15C,1
50-64,1998,15F,1
50-64,1998,16,4
50-64,1998,16F,2
50-64,1998,17F,2
50-64,1998,18C,16
50-64,1998,19A,17
50-64,1998,19F,17
50-64,1998,20,1
50-64,1998,22F,33
50-64,1998,23A,5
50-64,1998,23B,1
50-64,1998,23F,45
50-64,1998,3,28
50-64,1998,31,5
50-64,1998,33,1
50-64,1998,33F,5
50-64,1998,34,2
50-64,1998,35B,3
50-64,1998,35F,4
50-64,1998,37,1
50-64,1998,38,7
50-64,1998,4,64
50-64,1998,6A,18
50-64,1998,6B,38
50-64,1998,7F,23
50-64,1998,8,8
50-64,1998,9A,5
50-64,1998,9N,14
50-64,1998,9V,39
50-64,1998,MISS,73
50-64,1998,NT,2
65+,1998,1,18
65+,1998,10A,11
65+,1998,11A,27
65+,1998,11C,1
65+,1998,12F,37
65+,1998,13,4
65+,1998,14,156
65+,1998,15A,3
65+,1998,15B,11
65+,1998,15C,1
65+,1998,15F,1
65+,1998,16,14
65+,1998,16F,1
65+,1998,17,1
65+,1998,17F,1
65+,1998,18A,1
65+,1998,18C,24
65+,1998,18F,2
65+,1998,19A,36
65+,1998,19F,41
65+,1998,20,6
65+,1998,22A,1
65+,1998,22F,55
65+,1998,23A,5
65+,1998,23F,87
65+,1998,24F,2
65+,1998,29,1
65+,1998,3,54
65+,1998,31,8
65+,1998,33,2
65+,1998,33F,12
65+,1998,34,3
65+,1998,35B,11
65+,1998,35F,7
65+,1998,38,8
65+,1998,4,94
65+,1998,5,1
65+,1998,6A,50
65+,1998,6B,80
65+,1998,7A,1
65+,1998,7F,23
65+,1998,8,9
65+,1998,9A,9
65+,1998,9L,1
65+,1998,9N,10
65+,1998,9V,99
65+,1998,MISS,163
65+,1998,NT,5
<2,1999,1,4
<2,1999,10A,1
<2,1999,11A,1
<2,1999,12F,7
<2,1999,14,275
<2,1999,15B,1
<2,1999,15C,2
<2,1999,16F,2
<2,1999,18B,3
<2,1999,18C,64
<2,1999,18F,1
<2,1999,19A,14
<2,1999,19F,89
<2,1999,22F,7
<2,1999,23A,1
<2,1999,23B,2
<2,1999,23F,52
<2,1999,24B,1
<2,1999,3,4
<2,1999,33F,5
<2,1999,35B,1
<2,1999,38,4
<2,1999,4,58
<2,1999,6A,35
<2,1999,6B,93
<2,1999,7F,6
<2,1999,9A,11
<2,1999,9L,1
<2,1999,9N,2
<2,1999,9V,50
<2,1999,MISS,145
<2,1999,NT,3
2-4,1999,1,2
2-4,1999,12F,6
2-4,1999,14,58
2-4,1999,15B,2
2-4,1999,15C,1
2-4,1999,18C,25
2-4,1999,19A,6
2-4,1999,19F,27
2-4,1999,23A,1
2-4,1999,23F,13
2-4,1999,3,2
2-4,1999,33F,3
2-4,1999,35B,1
2-4,1999,38,1
2-4,1999,4,13
2-4,1999,5,1
2-4,1999,6A,19
2-4,1999,6B,18
2-4,1999,7F,2
2-4,1999,9A,1
2-4,1999,9V,11
2-4,1999,MISS,41
5-17,1999,1,11
5-17,1999,11A,1
5-17,1999,12F,9
5-17,1999,14,25
5-17,1999,15B,1
5-17,1999,15C,1
5-17,1999,18B,1
5-17,1999,18C,15
5-17,1999,19A,7
5-17,1999,19F,7
5-17,1999,22F,3
5-17,1999,23F,6
5-17,1999,3,2
5-17,1999,33A,1
5-17,1999,35B,1
5-17,1999,35F,1
5-17,1999,4,9
5-17,1999,6A,4
5-17,1999,6B,2
5-17,1999,7F,5
5-17,1999,8,2
5-17,1999,9A,1
5-17,1999,9V,7
5-17,1999,MISS,22
5-17,1999,NT,1
18-49,1999,1,23
18-49,1999,10A,8
18-49,1999,11A,20
18-49,1999,11B,1
18-49,1999,12F,84
18-49,1999,13,7
18-49,1999,14,145
18-49,1999,15A,3
18-49,1999,15B,5
18-49,1999,15C,2
18-49,1999,16,13
18-49,1999,16F,8
18-49,1999,17F,1
18-49,1999,18A,1
18-49,1999,18B,2
18-49,1999,18C,39
18-49,1999,18F,1
18-49,1999,19A,27
18-49,1999,19F,46
18-49,1999,20,9
18-49,1999,22F,36
18-49,1999,23A,3
18-49,1999,23F,84
18-49,1999,24F,2
18-49,1999,3,45
18-49,1999,31,4
18-49,1999,33A,1
18-49,1999,33F,5
18-49,1999,34,2
18-49,1999,35B,4
18-49,1999,35F,9
18-49,1999,38,3
18-49,1999,4,185
18-49,1999,5,2
18-49,1999,6A,34
18-49,1999,6B,42
18-49,1999,6C,2
18-49,1999,7C,3
18-49,1999,7F,33
18-49,1999,8,12
18-49,1999,9A,8
18-49,1999,9N,27
18-49,1999,9V,103
18-49,1999,MISS,129
18-49,1999,NT,6
50-64,1999,1,11
50-64,1999,10A,4
50-64,1999,11A,11
50-64,1999,12F,34
50-64,1999,13,1
50-64,1999,14,86
50-64,1999,15A,2
50-64,1999,15B,10
50-64,1999,15C,1
50-64,1999,16,9
50-64,1999,16F,4
50-64,1999,17F,1
50-64,1999,18C,12
50-64,1999,19A,15
50-64,1999,19F,26
50-64,1999,20,4
50-64,1999,22F,20
50-64,1999,23A,5
50-64,1999,23F,29
50-64,1999,3,36
50-64,1999,31,1
50-64,1999,33F,12
50-64,1999,34,3
50-64,1999,35B,4
50-64,1999,35F,1
50-64,1999,37,1
50-64,1999,38,3
50-64,1999,4,72
50-64,1999,5,3
50-64,1999,6A,24
50-64,1999,6B,30
50-64,1999,6C,3
50-64,1999,7C,1
50-64,1999,7F,21
50-64,1999,8,6
50-64,1999,9A,6
50-64,1999,9N,5
50-64,1999,9V,57
50-64,1999,MISS,64
65+,1999,1,8
65+,1999,10A,3
65+,1999,11A,26
65+,1999,12A,1
65+,1999,12F,36
65+,1999,13,3
65+,1999,14,181
65+,1999,15A,3
65+,1999,15B,7
65+,1999,15C,1
65+,1999,16,15
65+,1999,16F,15
65+,1999,17F,2
65+,1999,18A,1
65+,1999,18C,35
65+,1999,18F,2
65+,1999,19A,40
65+,1999,19F,46
65+,1999,20,6
65+,1999,22F,40
65+,1999,23A,9
65+,1999,23B,3
65+,1999,23F,114
65+,1999,24F,1
65+,1999,28A,1
65+,1999,3,74
65+,1999,31,10
65+,1999,33F,9
65+,1999,34,3
65+,1999,35B,9
65+,1999,35F,10
65+,1999,36,1
65+,1999,38,13
65+,1999,4,91
65+,1999,5,1
65+,1999,6A,69
65+,1999,6B,80
65+,1999,6C,20
65+,1999,7A,1
65+,1999,7B,1
65+,1999,7C,2
65+,1999,7F,20
65+,1999,8,6
65+,1999,9A,8
65+,1999,9L,2
65+,1999,9N,15
65+,1999,9V,94
65+,1999,MISS,169
65+,1999,NT,3
<2,2000,1,4
<2,2000,10A,3
<2,2000,11A,1
<2,2000,12A,1
<2,2000,12F,7
<2,2000,14,246
<2,2000,15B,2
<2,2000,15C,3
<2,2000,16F,3
<2,2000,17F,1
<2,2000,18A,1
<2,2000,18B,6
<2,2000,18C,50
<2,2000,18F,2
<2,2000,19A,20
<2,2000,19F,61
<2,2000,22F,5
<2,2000,23A,1
<2,2000,23B,4
<2,2000,23F,46
<2,2000,3,8
<2,2000,31,1
<2,2000,33F,7
<2,2000,35B,2
<2,2000,38,9
<2,2000,4,43
<2,2000,5,1
<2,2000,6A,33
<2,2000,6B,93
<2,2000,6C,2
<2,2000,7F,1
<2,2000,8,3
<2,2000,9A,2
<2,2000,9L,1
<2,2000,9N,1
<2,2000,9V,35
<2,2000,MISS,113
<2,2000,NT,1
2-4,2000,1,4
2-4,2000,10A,1
2-4,2000,14,56
2-4,2000,15B,2
2-4,2000,15C,1
2-4,2000,18C,26
2-4,2000,18F,1
2-4,2000,19A,4
2-4,2000,19F,18
2-4,2000,22F,2
2-4,2000,23A,1
2-4,2000,23B,2
2-4,2000,23F,17
2-4,2000,3,3
2-4,2000,33F,2
2-4,2000,35B,1
2-4,2000,4,19
2-4,2000,6A,12
2-4,2000,6B,20
2-4,2000,7F,2
2-4,2000,9A,1
2-4,2000,9L,1
2-4,2000,9N,2
2-4,2000,9V,5
2-4,2000,MISS,38
2-4,2000,NT,1
5-17,2000,1,10
5-17,2000,10A,1
5-17,2000,11A,2
5-17,2000,12F,3
5-17,2000,14,22
5-17,2000,15B,1
5-17,2000,15C,1
5-17,2000,17F,1
5-17,2000,18C,18
5-17,2000,19A,3
5-17,2000,19F,6
5-17,2000,21,1
5-17,2000,22F,1
5-17,2000,23F,11
5-17,2000,3,3
5-17,2000,33F,2
5-17,2000,35B,2
5-17,2000,4,10
5-17,2000,6A,6
5-17,2000,6B,2
5-17,2000,6C,1
5-17,2000,7A,1
5-17,2000,7F,2
5-17,2000,8,2
5-17,2000,9V,10
5-17,2000,MISS,14
18-49,2000,1,19
18-49,2000,10A,6
18-49,2000,11A,18
18-49,2000,12A,1
18-49,2000,12F,77
18-49,2000,13,7
18-49,2000,14,125
18-49,2000,15A,5
18-49,2000,15B,6
18-49,2000,15C,5
18-49,2000,15F,1
18-49,2000,16,4
18-49,2000,16F,7
18-49,2000,17F,2
18-49,2000,18B,1
18-49,2000,18C,35
18-49,2000,18F,1
18-49,2000,19A,28
18-49,2000,19F,38
18-49,2000,20,5
18-49,2000,21,1
18-49,2000,22F,20
18-49,2000,23A,2
18-49,2000,23F,63
18-49,2000,3,44
18-49,2000,31,5
18-49,2000,33F,7
18-49,2000,34,1
18-49,2000,35B,6
18-49,2000,35F,9
18-49,2000,38,10
18-49,2000,4,154
18-49,2000,5,4
18-49,2000,6A,45
18-49,2000,6B,59
18-49,2000,6C,6
18-49,2000,7B,1
18-49,2000,7C,1
18-49,2000,7F,36
18-49,2000,8,15
18-49,2000,9A,4
18-49,2000,9L,1
18-49,2000,9N,21
18-49,2000,9V,98
18-49,2000,MISS,115
18-49,2000,NT,1
50-64,2000,1,4
50-64,2000,10A,4
50-64,2000,11A,16
50-64,2000,12F,30
50-64,2000,13,2
50-64,2000,14,87
50-64,2000,15A,2
50-64,2000,15B,1
50-64,2000,15C,3
50-64,2000,16F,8
50-64,2000,18B,1
50-64,2000,18C,21
50-64,2000,19A,19
50-64,2000,19F,29
50-64,2000,20,2
50-64,2000,22F,29
50-64,2000,23A,2
50-64,2000,23B,2
50-64,2000,23F,46
50-64,2000,29,1
50-64,2000,3,40
50-64,2000,31,3
50-64,2000,33F,4
50-64,2000,34,2
50-64,2000,35B,2
50-64,2000,38,2
50-64,2000,4,72
50-64,2000,5,5
50-64,2000,6A,30
50-64,2000,6B,43
50-64,2000,6C,4
50-64,2000,7F,13
50-64,2000,8,11
50-64,2000,9A,4
50-64,2000,9N,11
50-64,2000,9V,43
50-64,2000,MISS,78
65+,2000,1,9
65+,2000,10A,6
65+,2000,11A,22
65+,2000,11C,1
65+,2000,12B,1
65+,2000,12F,32
65+,2000,13,2
65+,2000,14,178
65+,2000,15A,2
65+,2000,15B,7
65+,2000,15C,4
65+,2000,16F,21
65+,2000,17F,3
65+,2000,18A,1
65+,2000,18B,1
65+,2000,18C,21
65+,2000,18F,2
65+,2000,19A,24
65+,2000,19F,45
65+,2000,20,2
65+,2000,22A,1
65+,2000,22F,62
65+,2000,23A,11
65+,2000,23B,5
65+,2000,23F,100
65+,2000,28F,1
65+,2000,29,1
65+,2000,3,92
65+,2000,31,9
65+,2000,33F,11
65+,2000,34,1
65+,2000,35B,11
65+,2000,35F,4
65+,2000,36,2
65+,2000,38,19
65+,2000,4,99
65+,2000,6A,58
65+,2000,6B,85
65+,2000,6C,15
65+,2000,7F,28
65+,2000,8,13
65+,2000,9A,5
65+,2000,9N,19
65+,2000,9V,93
65+,2000,MISS,133
65+,2000,NT,4
<2,2001,1,3
<2,2001,10A,2
<2,2001,11A,3
<2,2001,12F,11
<2,2001,14,58
<2,2001,15B,5
<2,2001,15C,12
<2,2001,17F,1
<2,2001,18B,1
<2,2001,18C,19
<2,2001,19A,24
<2,2001,19F,21
<2,2001,20,2
<2,2001,22F,14
<2,2001,23A,1
<2,2001,23F,24
<2,2001,3,7
<2,2001,33F,14
<2,2001,35B,2
<2,2001,35F,1
<2,2001,38,6
<2,2001,4,14
<2,2001,5,1
<2,2001,6A,24
<2,2001,6B,50
<2,2001,6C,2
<2,2001,7F,10
<2,2001,8,2
<2,2001,9A,3
<2,2001,9N,2
<2,2001,9V,19
<2,2001,MISS,60
2-4,2001,10A,1
2-4,2001,11A,1
2-4,2001,12F,4
2-4,2001,14,43
2-4,2001,15B,1
2-4,2001,15C,3
2-4,2001,18C,32
2-4,2001,19A,11
2-4,2001,19F,37
2-4,2001,22F,4
2-4,2001,23F,18
2-4,2001,24B,1
2-4,2001,3,2
2-4,2001,33F,3
2-4,2001,35F,1
2-4,2001,38,1
2-4,2001,39,1
2-4,2001,4,21
2-4,2001,6A,12
2-4,2001,6B,16
2-4,2001,7F,6
2-4,2001,9A,2
2-4,2001,9N,1
2-4,2001,9V,14
2-4,2001,MISS,37
2-4,2001,NT,2
5-17,2001,1,15
5-17,2001,11A,1
5-17,2001,12F,5
5-17,2001,14,15
5-17,2001,15A,1
5-17,2001,15B,2
5-17,2001,15C,4
5-17,2001,16F,1
5-17,2001,18B,1
5-17,2001,18C,17
5-17,2001,18F,1
5-17,2001,19A,4
5-17,2001,19F,8
5-17,2001,22F,2
5-17,2001,23F,8
5-17,2001,3,9
5-17,2001,31,1
5-17,2001,34,1
5-17,2001,35F,1
5-17,2001,37,1
5-17,2001,4,11
5-17,2001,5,1
5-17,2001,6B,5
5-17,2001,6C,1
5-17,2001,7F,7
5-17,2001,8,3
5-17,2001,9V,8
5-17,2001,MISS,17
5-17,2001,NT,1
18-49,2001,1,12
18-49,2001,10A,9
18-49,2001,11A,26
18-49,2001,12F,88
18-49,2001,13,7
18-49,2001,14,108
18-49,2001,15A,1
18-49,2001,15B,5
18-49,2001,15C,8
18-49,2001,16,1
18-49,2001,16A,1
18-49,2001,16F,20
18-49,2001,17F,6
18-49,2001,18B,2
18-49,2001,18C,41
18-49,2001,18F,1
18-49,2001,19A,28
18-49,2001,19C,1
18-49,2001,19F,31
18-49,2001,20,8
18-49,2001,22F,39
18-49,2001,23A,8
18-49,2001,23B,4
18-49,2001,23F,59
18-49,2001,3,38
18-49,2001,31,7
18-49,2001,33F,10
18-49,2001,34,1
18-49,2001,35B,12
18-49,2001,35F,3
18-49,2001,37,1
18-49,2001,38,7
18-49,2001,4,164
18-49,2001,5,13
18-49,2001,6A,51
18-49,2001,6B,49
18-49,2001,6C,4
18-49,2001,7A,1
18-49,2001,7C,5
18-49,2001,7F,38
18-49,2001,8,23
18-49,2001,9A,5
18-49,2001,9N,20
18-49,2001,9V,80
18-49,2001,MISS,106
18-49,2001,NT,8
50-64,2001,1,5
50-64,2001,10A,5
50-64,2001,11A,8
50-64,2001,12F,36
50-64,2001,13,3
50-64,2001,14,49
50-64,2001,15A,1
50-64,2001,15B,4
50-64,2001,16,1
50-64,2001,16A,1
50-64,2001,16F,12
50-64,2001,17F,2
50-64,2001,18C,29
50-64,2001,18F,1
50-64,2001,19A,20
50-64,2001,19F,21
50-64,2001,20,5
50-64,2001,21,1
50-64,2001,22F,30
50-64,2001,23A,6
50-64,2001,23B,1
50-64,2001,23F,37
50-64,2001,3,47
50-64,2001,31,2
50-64,2001,33F,6
50-64,2001,34,2
50-64,2001,35B,10
50-64,2001,35F,2
50-64,2001,38,3
50-64,2001,4,80
50-64,2001,5,6
50-64,2001,6A,26
50-64,2001,6B,38
50-64,2001,6C,1
50-64,2001,7A,1
50-64,2001,7C,1
50-64,2001,7F,12
50-64,2001,8,4
50-64,2001,9A,2
50-64,2001,9N,13
50-64,2001,9V,60
50-64,2001,MISS,87
50-64,2001,NT,5
65+,2001,1,9
65+,2001,10A,5
65+,2001,11A,32
65+,2001,11B,1
65+,2001,12A,1
65+,2001,12F,29
65+,2001,13,2
65+,2001,14,142
65+,2001,15A,3
65+,2001,15B,5
65+,2001,15C,6
65+,2001,16,1
65+,2001,16F,25
65+,2001,17F,1
65+,2001,18A,1
65+,2001,18C,27
65+,2001,19A,42
65+,2001,19F,44
65+,2001,20,5
65+,2001,22F,64
65+,2001,23A,15
65+,2001,23B,3
65+,2001,23F,93
65+,2001,24F,1
65+,2001,29,1
65+,2001,3,94
65+,2001,31,16
65+,2001,33F,18
65+,2001,34,1
65+,2001,35B,18
65+,2001,35F,9
65+,2001,37,1
65+,2001,38,17
65+,2001,4,89
65+,2001,5,1
65+,2001,6A,54
65+,2001,6B,82
65+,2001,6C,10
65+,2001,7C,2
65+,2001,7F,22
65+,2001,8,8
65+,2001,9A,10
65+,2001,9N,11
65+,2001,9V,75
65+,2001,MISS,121
65+,2001,NT,4
<2,2002,1,1
<2,2002,10A,4
<2,2002,11A,5
<2,2002,12F,8
<2,2002,14,10
<2,2002,15B,6
<2,2002,15C,20
<2,2002,16F,1
<2,2002,17F,1
<2,2002,18C,7
<2,2002,19A,37
<2,2002,19F,19
<2,2002,22F,11
<2,2002,23F,5
<2,2002,24F,1
<2,2002,3,8
<2,2002,33F,15
<2,2002,35B,2
<2,2002,35F,1
<2,2002,38,12
<2,2002,4,5
<2,2002,6A,10
<2,2002,6B,18
<2,2002,7C,3
<2,2002,7F,8
<2,2002,9V,5
<2,2002,MISS,46
<2,2002,NT,1
2-4,2002,1,4
2-4,2002,10A,2
2-4,2002,12F,2
2-4,2002,14,12
2-4,2002,15B,1
2-4,2002,15C,9
2-4,2002,16F,1
2-4,2002,18B,2
2-4,2002,18C,18
2-4,2002,18F,1
2-4,2002,19A,18
2-4,2002,19F,12
2-4,2002,22F,4
2-4,2002,23B,1
2-4,2002,23F,7
2-4,2002,3,2
2-4,2002,33F,4
2-4,2002,35F,1
2-4,2002,38,3
2-4,2002,4,12
2-4,2002,6A,2
2-4,2002,6B,17
2-4,2002,7F,6
2-4,2002,9N,1
2-4,2002,9V,5
2-4,2002,MISS,19
2-4,2002,NT,2
5-17,2002,1,5
5-17,2002,10A,1
5-17,2002,11A,2
5-17,2002,12F,5
5-17,2002,13,1
5-17,2002,14,9
5-17,2002,15A,2
5-17,2002,15B,2
5-17,2002,16F,4
5-17,2002,18C,16
5-17,2002,19A,3
5-17,2002,19F,9
5-17,2002,22F,5
5-17,2002,23B,1
5-17,2002,23F,8
5-17,2002,3,5
5-17,2002,31,2
5-17,2002,33F,3
5-17,2002,35B,1
5-17,2002,38,1
5-17,2002,4,10
5-17,2002,5,1
5-17,2002,6A,8
5-17,2002,6B,4
5-17,2002,6C,1
5-17,2002,7F,12
5-17,2002,8,1
5-17,2002,9V,6
5-17,2002,MISS,16
5-17,2002,NT,1
18-49,2002,1,14
18-49,2002,10A,4
18-49,2002,11A,34
18-49,2002,12F,62
18-49,2002,13,5
18-49,2002,14,52
18-49,2002,15A,6
18-49,2002,15B,8
18-49,2002,15C,6
18-49,2002,16,1
18-49,2002,16F,17
18-49,2002,17F,7
18-49,2002,18,1
18-49,2002,18C,25
18-49,2002,18F,1
18-49,2002,19A,51
18-49,2002,19F,22
18-49,2002,2,1
18-49,2002,20,13
18-49,2002,22F,54
18-49,2002,23A,6
18-49,2002,23F,46
18-49,2002,28A,1
18-49,2002,28F,1
18-49,2002,3,51
18-49,2002,31,6
18-49,2002,33F,14
18-49,2002,34,2
18-49,2002,35B,10
18-49,2002,35F,5
18-49,2002,37,1
18-49,2002,38,10
18-49,2002,4,118
18-49,2002,5,15
18-49,2002,6A,48
18-49,2002,6B,44
18-49,2002,6C,6
18-49,2002,7C,3
18-49,2002,7F,48
18-49,2002,8,22
18-49,2002,9A,10
18-49,2002,9N,20
18-49,2002,9V,56
18-49,2002,MISS,108
18-49,2002,NT,11
50-64,2002,1,4
50-64,2002,10A,6
50-64,2002,11A,25
50-64,2002,12F,34
50-64,2002,13,2
50-64,2002,14,47
50-64,2002,15A,4
50-64,2002,15B,10
50-64,2002,15C,5
50-64,2002,16F,17
50-64,2002,17F,2
50-64,2002,18B,2
50-64,2002,18C,20
50-64,2002,19A,28
50-64,2002,19F,18
50-64,2002,20,8
50-64,2002,22F,36
50-64,2002,23A,10
50-64,2002,23F,26
50-64,2002,24F,1
50-64,2002,28A,1
50-64,2002,28F,1
50-64,2002,29,1
50-64,2002,3,64
50-64,2002,31,14
50-64,2002,33F,16
50-64,2002,34,1
50-64,2002,35B,5
50-64,2002,35F,9
50-64,2002,38,7
50-64,2002,4,56
50-64,2002,5,6
50-64,2002,6A,30
50-64,2002,6B,33
50-64,2002,6C,8
50-64,2002,7C,2
50-64,2002,7F,13
50-64,2002,8,14
50-64,2002,9A,7
50-64,2002,9N,16
50-64,2002,9V,46
50-64,2002,MISS,74
50-64,2002,NT,2
65+,2002,1,4
65+,2002,10A,9
65+,2002,10F,1
65+,2002,11A,39
65+,2002,12F,20
65+,2002,13,2
65+,2002,14,91
65+,2002,15A,10
65+,2002,15B,14
65+,2002,15C,5
65+,2002,16,1
65+,2002,16F,21
65+,2002,17F,1
65+,2002,18C,22
65+,2002,19A,52
65+,2002,19F,34
65+,2002,20,8
65+,2002,22F,76
65+,2002,23A,9
65+,2002,23B,4
65+,2002,23F,92
65+,2002,24A,1
65+,2002,24F,1
65+,2002,3,114
65+,2002,31,18
65+,2002,33A,1
65+,2002,33F,15
65+,2002,34,5
65+,2002,35,1
65+,2002,35B,18
65+,2002,35F,4
65+,2002,38,16
65+,2002,4,75
65+,2002,5,2
65+,2002,6A,68
65+,2002,6B,55
65+,2002,6C,19
65+,2002,7C,3
65+,2002,7F,26
65+,2002,8,11
65+,2002,9A,10
65+,2002,9N,11
65+,2002,9V,58
65+,2002,MISS,144
65+,2002,NT,5
<2,2003,1,1
<2,2003,10A,4
<2,2003,11A,1
<2,2003,12F,7
<2,2003,14,7
<2,2003,15B,9
<2,2003,15C,12
<2,2003,16F,5
<2,2003,17F,1
<2,2003,18C,5
<2,2003,19A,48
<2,2003,19F,17
<2,2003,21,1
<2,2003,22F,10
<2,2003,23A,1
<2,2003,23B,2
<2,2003,23F,10
<2,2003,28A,1
<2,2003,3,14
<2,2003,33F,23
<2,2003,34,1
<2,2003,35B,6
<2,2003,35F,2
<2,2003,38,14
<2,2003,4,3
<2,2003,6A,20
<2,2003,6B,9
<2,2003,6C,3
<2,2003,7F,15
<2,2003,8,2
<2,2003,9V,1
<2,2003,MISS,32
<2,2003,NT,4
2-4,2003,10A,1
2-4,2003,11A,3
2-4,2003,12F,4
2-4,2003,14,6
2-4,2003,15A,2
2-4,2003,15B,3
2-4,2003,15C,1
2-4,2003,17F,1
2-4,2003,18C,6
2-4,2003,19A,28
2-4,2003,19F,6
2-4,2003,21,1
2-4,2003,22F,14
2-4,2003,23A,1
2-4,2003,23B,1
2-4,2003,23F,1
2-4,2003,3,14
2-4,2003,33F,4
2-4,2003,35B,4
2-4,2003,35F,1
2-4,2003,38,4
2-4,2003,4,1
2-4,2003,6A,4
2-4,2003,6B,5
2-4,2003,6C,1
2-4,2003,7F,5
2-4,2003,8,1
2-4,2003,9N,1
2-4,2003,9V,4
2-4,2003,MISS,17
5-17,2003,1,9
5-17,2003,11A,3
5-17,2003,12F,4
5-17,2003,14,11
5-17,2003,15B,3
5-17,2003,15C,3
5-17,2003,16F,1
5-17,2003,18C,10
5-17,2003,19A,10
5-17,2003,19F,5
5-17,2003,22F,3
5-17,2003,23A,1
5-17,2003,23F,4
5-17,2003,3,6
5-17,2003,33F,2
5-17,2003,35B,1
5-17,2003,4,16
5-17,2003,5,1
5-17,2003,6A,4
5-17,2003,6B,5
5-17,2003,6C,2
5-17,2003,7F,8
5-17,2003,8,1
5-17,2003,9N,1
5-17,2003,9V,4
5-17,2003,MISS,14
5-17,2003,NT,1
18-49,2003,1,14
18-49,2003,10A,9
18-49,2003,11A,39
18-49,2003,11B,1
18-49,2003,12F,76
18-49,2003,13,10
18-49,2003,14,42
18-49,2003,15A,6
18-49,2003,15B,7
18-49,2003,15C,6
18-49,2003,16F,25
18-49,2003,17F,3
18-49,2003,18A,2
18-49,2003,18B,2
18-49,2003,18C,22
18-49,2003,19A,72
18-49,2003,19F,24
18-49,2003,2,1
18-49,2003,20,10
18-49,2003,21,1
18-49,2003,22F,65
18-49,2003,23A,9
18-49,2003,23B,4
18-49,2003,23F,36
18-49,2003,28F,1
18-49,2003,3,56
18-49,2003,31,12
18-49,2003,33F,25
18-49,2003,34,3
18-49,2003,35B,11
18-49,2003,35F,8
18-49,2003,37,3
18-49,2003,38,7
18-49,2003,4,86
18-49,2003,5,4
18-49,2003,6A,48
18-49,2003,6B,20
18-49,2003,6C,7
18-49,2003,7C,2
18-49,2003,7F,43
18-49,2003,8,33
18-49,2003,9A,1
18-49,2003,9N,27
18-49,2003,9V,47
18-49,2003,MISS,99
18-49,2003,NT,10
50-64,2003,1,10
50-64,2003,10A,8
50-64,2003,10F,1
50-64,2003,11A,27
50-64,2003,12F,30
50-64,2003,13,1
50-64,2003,14,28
50-64,2003,15A,2
50-64,2003,15B,10
50-64,2003,15C,6
50-64,2003,16F,23
50-64,2003,17F,4
50-64,2003,18C,18
50-64,2003,19A,47
50-64,2003,19F,16
50-64,2003,20,4
50-64,2003,22F,39
50-64,2003,23A,9
50-64,2003,23B,5
50-64,2003,23F,17
50-64,2003,28A,1
50-64,2003,29,2
50-64,2003,3,54
50-64,2003,31,14
50-64,2003,33F,19
50-64,2003,34,5
50-64,2003,35B,15
50-64,2003,35F,8
50-64,2003,38,8
50-64,2003,4,53
50-64,2003,41A,1
50-64,2003,5,2
50-64,2003,6A,31
50-64,2003,6B,23
50-64,2003,6C,15
50-64,2003,7C,5
50-64,2003,7F,16
50-64,2003,8,13
50-64,2003,9A,2
50-64,2003,9N,15
50-64,2003,9V,40
50-64,2003,MISS,91
50-64,2003,NT,4
65+,2003,1,6
65+,2003,10A,7
65+,2003,11A,42
65+,2003,12F,33
65+,2003,13,2
65+,2003,14,55
65+,2003,15A,5
65+,2003,15B,20
65+,2003,15C,4
65+,2003,16F,27
65+,2003,17F,9
65+,2003,18A,2
65+,2003,18B,2
65+,2003,18C,12
65+,2003,19A,88
65+,2003,19F,31
65+,2003,20,4
65+,2003,22F,99
65+,2003,23A,22
65+,2003,23B,7
65+,2003,23F,41
65+,2003,29,1
65+,2003,3,107
65+,2003,31,23
65+,2003,33F,39
65+,2003,34,10
65+,2003,35B,22
65+,2003,35F,7
65+,2003,37,1
65+,2003,38,10
65+,2003,4,59
65+,2003,5,1
65+,2003,6A,64
65+,2003,6B,40
65+,2003,6C,26
65+,2003,7C,10
65+,2003,7F,31
65+,2003,8,11
65+,2003,9A,1
65+,2003,9N,19
65+,2003,9V,40
65+,2003,MISS,131
65+,2003,NT,4
<2,2004,1,1
<2,2004,10A,3
<2,2004,11A,1
<2,2004,12F,9
<2,2004,14,2
<2,2004,15A,1
<2,2004,15B,2
<2,2004,15C,14
<2,2004,16F,2
<2,2004,17F,3
<2,2004,18C,2
<2,2004,19A,76
<2,2004,19F,10
<2,2004,20,3
<2,2004,22F,12
<2,2004,23A,3
<2,2004,23F,3
<2,2004,25,1
<2,2004,28F,1
<2,2004,3,11
<2,2004,31,1
<2,2004,33F,19
<2,2004,35B,12
<2,2004,38,6
<2,2004,4,3
<2,2004,6A,8
<2,2004,6B,3
<2,2004,6C,6
<2,2004,7F,12
<2,2004,8,1
<2,2004,9V,1
<2,2004,MISS,49
<2,2004,NT,2
2-4,2004,1,6
2-4,2004,10A,1
2-4,2004,12F,2
2-4,2004,14,1
2-4,2004,15B,6
2-4,2004,15C,8
2-4,2004,16F,1
2-4,2004,17F,1
2-4,2004,18C,9
2-4,2004,19A,37
2-4,2004,19F,10
2-4,2004,22F,9
2-4,2004,23B,3
2-4,2004,3,10
2-4,2004,33F,4
2-4,2004,35B,3
2-4,2004,38,5
2-4,2004,4,2
2-4,2004,5,1
2-4,2004,6B,1
2-4,2004,6C,1
2-4,2004,7C,1
2-4,2004,7F,3
2-4,2004,8,1
2-4,2004,MISS,22
5-17,2004,1,7
5-17,2004,10A,1
5-17,2004,11A,1
5-17,2004,12F,7
5-17,2004,14,3
5-17,2004,15A,1
5-17,2004,15C,5
5-17,2004,16F,2
5-17,2004,17F,1
5-17,2004,18C,6
5-17,2004,19A,12
5-17,2004,19F,7
5-17,2004,22F,9
5-17,2004,23A,3
5-17,2004,23B,2
5-17,2004,23F,4
5-17,2004,3,2
5-17,2004,33F,2
5-17,2004,35F,1
5-17,2004,37,1
5-17,2004,38,2
5-17,2004,4,4
5-17,2004,6A,4
5-17,2004,6B,3
5-17,2004,6C,1
5-17,2004,7C,1
5-17,2004,7F,5
5-17,2004,8,1
5-17,2004,9V,3
5-17,2004,MISS,20
18-49,2004,1,11
18-49,2004,10A,7
18-49,2004,11A,32
18-49,2004,12F,68
18-49,2004,13,5
18-49,2004,14,17
18-49,2004,15A,9
18-49,2004,15B,17
18-49,2004,15C,4
18-49,2004,16F,28
18-49,2004,17F,11
18-49,2004,18A,2
18-49,2004,18C,18
18-49,2004,19A,92
18-49,2004,19F,15
18-49,2004,20,6
18-49,2004,21,1
18-49,2004,22A,1
18-49,2004,22F,50
18-49,2004,23A,11
18-49,2004,23B,2
18-49,2004,23F,21
18-49,2004,28F,1
18-49,2004,3,43
18-49,2004,31,11
18-49,2004,33F,16
18-49,2004,34,7
18-49,2004,35A,2
18-49,2004,35B,15
18-49,2004,35F,9
18-49,2004,37,1
18-49,2004,38,5
18-49,2004,4,71
18-49,2004,5,8
18-49,2004,6A,26
18-49,2004,6B,22
18-49,2004,6C,16
18-49,2004,7C,2
18-49,2004,7F,37
18-49,2004,8,33
18-49,2004,9A,1
18-49,2004,9N,22
18-49,2004,9V,32
18-49,2004,MISS,140
18-49,2004,NT,7
50-64,2004,1,4
50-64,2004,10A,7
50-64,2004,11A,28
50-64,2004,12F,26
50-64,2004,13,3
50-64,2004,14,10
50-64,2004,15A,4
50-64,2004,15B,7
50-64,2004,15C,7
50-64,2004,16F,16
50-64,2004,17F,10
50-64,2004,18A,1
50-64,2004,18C,20
50-64,2004,19A,83
50-64,2004,19F,21
50-64,2004,20,4
50-64,2004,21,1
50-64,2004,22F,78
50-64,2004,23A,11
50-64,2004,23B,5
50-64,2004,23F,18
50-64,2004,24B,1
50-64,2004,28A,1
50-64,2004,3,60
50-64,2004,31,15
50-64,2004,33F,21
50-64,2004,34,4
50-64,2004,35A,1
50-64,2004,35B,14
50-64,2004,35C,2
50-64,2004,35F,7
50-64,2004,38,6
50-64,2004,4,57
50-64,2004,5,3
50-64,2004,6A,31
50-64,2004,6B,18
50-64,2004,6C,8
50-64,2004,7C,3
50-64,2004,7F,43
50-64,2004,8,24
50-64,2004,9N,8
50-64,2004,9V,24
50-64,2004,MISS,112
50-64,2004,NT,6
65+,2004,1,6
65+,2004,10A,7
65+,2004,10F,1
65+,2004,11A,37
65+,2004,12F,25
65+,2004,13,4
65+,2004,14,36
65+,2004,15A,20
65+,2004,15B,13
65+,2004,15C,6
65+,2004,16F,26
65+,2004,17F,10
65+,2004,18C,26
65+,2004,19A,98
65+,2004,19F,18
65+,2004,20,7
65+,2004,22F,89
65+,2004,23A,34
65+,2004,23B,4
65+,2004,23F,35
65+,2004,3,114
65+,2004,31,19
65+,2004,33F,32
65+,2004,34,8
65+,2004,35B,40
65+,2004,35F,15
65+,2004,37,1
65+,2004,38,17
65+,2004,4,49
65+,2004,5,2
65+,2004,6A,56
65+,2004,6B,20
65+,2004,6C,28
65+,2004,7C,8
65+,2004,7F,27
65+,2004,8,17
65+,2004,9N,11
65+,2004,9V,44
65+,2004,MISS,158
65+,2004,NT,3
<2,2005,1,4
<2,2005,10A,5
<2,2005,11A,6
<2,2005,12F,7
<2,2005,14,1
<2,2005,15A,1
<2,2005,15B,5
<2,2005,15C,11
<2,2005,16F,4
<2,2005,17F,2
<2,2005,18C,2
<2,2005,19A,85
<2,2005,19F,8
<2,2005,21,3
<2,2005,22F,12
<2,2005,23A,2
<2,2005,23B,6
<2,2005,23F,2
<2,2005,24F,1
<2,2005,28A,1
<2,2005,3,8
<2,2005,31,1
<2,2005,33F,21
<2,2005,35B,10
<2,2005,35F,4
<2,2005,38,6
<2,2005,4,1
<2,2005,5,1
<2,2005,6A,3
<2,2005,6B,2
<2,2005,6C,2
<2,2005,7C,2
<2,2005,7F,23
<2,2005,8,1
<2,2005,9N,1
<2,2005,9V,1
<2,2005,MISS,48
<2,2005,NT,1
2-4,2005,1,3
2-4,2005,10A,2
2-4,2005,11A,1
2-4,2005,12F,8
2-4,2005,14,1
2-4,2005,15B,3
2-4,2005,15C,7
2-4,2005,16F,1
2-4,2005,18C,1
2-4,2005,19A,51
2-4,2005,19F,7
2-4,2005,22F,8
2-4,2005,23A,2
2-4,2005,23B,3
2-4,2005,3,5
2-4,2005,33F,3
2-4,2005,34,1
2-4,2005,35B,1
2-4,2005,38,2
2-4,2005,4,4
2-4,2005,6B,2
2-4,2005,6C,1
2-4,2005,7F,10
2-4,2005,9N,1
2-4,2005,MISS,28
5-17,2005,1,13
5-17,2005,10A,1
5-17,2005,11A,1
5-17,2005,12F,6
5-17,2005,14,2
5-17,2005,15B,5
5-17,2005,15C,2
5-17,2005,16F,1
5-17,2005,17F,1
5-17,2005,18C,7
5-17,2005,19A,25
5-17,2005,19F,1
5-17,2005,21,1
5-17,2005,22F,7
5-17,2005,23A,1
5-17,2005,23B,6
5-17,2005,23F,3
5-17,2005,3,6
5-17,2005,31,1
5-17,2005,33F,3
5-17,2005,35B,1
5-17,2005,35F,1
5-17,2005,4,4
5-17,2005,6A,2
5-17,2005,6B,1
5-17,2005,7F,11
5-17,2005,8,1
5-17,2005,9V,2
5-17,2005,MISS,30
18-49,2005,1,16
18-49,2005,10A,9
18-49,2005,10F,1
18-49,2005,11A,23
18-49,2005,12F,88
18-49,2005,13,4
18-49,2005,14,13
18-49,2005,15A,16
18-49,2005,15B,12
18-49,2005,15C,8
18-49,2005,16F,28
18-49,2005,17F,9
18-49,2005,18A,4
18-49,2005,18C,15
18-49,2005,19A,135
18-49,2005,19F,29
18-49,2005,20,8
18-49,2005,22F,79
18-49,2005,23A,19
18-49,2005,23B,4
18-49,2005,23F,12
18-49,2005,28A,2
18-49,2005,3,64
18-49,2005,31,13
18-49,2005,33A,2
18-49,2005,33F,31
18-49,2005,34,3
18-49,2005,35A,1
18-49,2005,35B,13
18-49,2005,35F,6
18-49,2005,37,1
18-49,2005,38,12
18-49,2005,4,71
18-49,2005,5,1
18-49,2005,6A,24
18-49,2005,6B,6
18-49,2005,6C,14
18-49,2005,7C,5
18-49,2005,7F,68
18-49,2005,8,25
18-49,2005,9N,35
18-49,2005,9V,22
18-49,2005,MISS,138
18-49,2005,NT,10
50-64,2005,1,8
50-64,2005,10A,12
50-64,2005,11A,28
50-64,2005,12F,52
50-64,2005,13,7
50-64,2005,14,10
50-64,2005,15A,18
50-64,2005,15B,16
50-64,2005,15C,4
50-64,2005,16F,28
50-64,2005,17F,7
50-64,2005,18A,1
50-64,2005,18C,14
50-64,2005,19A,106
50-64,2005,19F,21
50-64,2005,20,11
50-64,2005,22F,95
50-64,2005,23A,20
50-64,2005,23B,8
50-64,2005,23F,17
50-64,2005,29,1
50-64,2005,3,80
50-64,2005,31,12
50-64,2005,33F,26
50-64,2005,34,7
50-64,2005,35B,13
50-64,2005,35C,1
50-64,2005,35F,7
50-64,2005,38,9
50-64,2005,4,40
50-64,2005,5,2
50-64,2005,6A,24
50-64,2005,6B,18
50-64,2005,6C,16
50-64,2005,7C,6
50-64,2005,7F,37
50-64,2005,8,25
50-64,2005,9N,17
50-64,2005,9V,13
50-64,2005,MISS,121
50-64,2005,NT,6
65+,2005,1,8
65+,2005,10A,15
65+,2005,11A,42
65+,2005,12F,25
65+,2005,13,2
65+,2005,14,27
65+,2005,15A,27
65+,2005,15B,11
65+,2005,15C,7
65+,2005,16F,40
65+,2005,17F,8
65+,2005,18A,1
65+,2005,18B,1
65+,2005,18C,7
65+,2005,19A,151
65+,2005,19F,27
65+,2005,20,7
65+,2005,22F,102
65+,2005,23A,38
65+,2005,23B,8
65+,2005,23F,14
65+,2005,24F,1
65+,2005,28A,1
65+,2005,28F,1
65+,2005,3,117
65+,2005,31,11
65+,2005,33F,42
65+,2005,34,4
65+,2005,35B,30
65+,2005,35F,13
65+,2005,37,1
65+,2005,38,20
65+,2005,4,37
65+,2005,6A,38
65+,2005,6B,21
65+,2005,6C,32
65+,2005,7C,12
65+,2005,7F,49
65+,2005,8,17
65+,2005,9N,14
65+,2005,9V,39
65+,2005,MISS,148
65+,2005,NT,9
<2,2006,1,4
<2,2006,10A,5
<2,2006,11A,3
<2,2006,12F,6
<2,2006,15A,4
<2,2006,15B,1
<2,2006,15C,10
<2,2006,16F,6
<2,2006,18B,1
<2,2006,18C,1
<2,2006,19A,110
<2,2006,19F,5
<2,2006,20,2
<2,2006,21,1
<2,2006,22F,16
<2,2006,23A,2
<2,2006,23B,3
<2,2006,27,1
<2,2006,3,11
<2,2006,33F,12
<2,2006,34,1
<2,2006,35B,1
<2,2006,35F,2
<2,2006,38,5
<2,2006,6A,4
<2,2006,6C,8
<2,2006,7C,3
<2,2006,7F,16
<2,2006,9N,2
<2,2006,9V,2
<2,2006,MISS,46
<2,2006,NT,4
2-4,2006,1,3
2-4,2006,10A,3
2-4,2006,12F,5
2-4,2006,15A,2
2-4,2006,15B,2
2-4,2006,15C,4
2-4,2006,16F,1
2-4,2006,17F,1
2-4,2006,19A,61
2-4,2006,19F,3
2-4,2006,22F,6
2-4,2006,23A,1
2-4,2006,23B,2
2-4,2006,3,9
2-4,2006,31,1
2-4,2006,33F,6
2-4,2006,34,2
2-4,2006,38,3
2-4,2006,4,1
2-4,2006,6A,3
2-4,2006,6B,1
2-4,2006,6C,1
2-4,2006,7F,11
2-4,2006,9N,1
2-4,2006,MISS,18
5-17,2006,1,10
5-17,2006,10A,1
5-17,2006,11A,3
5-17,2006,12F,6
5-17,2006,15A,1
5-17,2006,15B,4
5-17,2006,15C,2
5-17,2006,16F,2
5-17,2006,17F,1
5-17,2006,18C,3
5-17,2006,19A,27
5-17,2006,19F,3
5-17,2006,21,1
5-17,2006,22F,9
5-17,2006,23A,5
5-17,2006,23B,3
5-17,2006,3,3
5-17,2006,31,1
5-17,2006,33F,3
5-17,2006,34,1
5-17,2006,35B,3
5-17,2006,35F,1
5-17,2006,38,2
5-17,2006,4,5
5-17,2006,6A,4
5-17,2006,6B,2
5-17,2006,6C,3
5-17,2006,7F,23
5-17,2006,8,3
5-17,2006,9N,2
5-17,2006,9V,1
5-17,2006,MISS,21
5-17,2006,NT,3
18-49,2006,1,23
18-49,2006,10A,12
18-49,2006,11A,22
18-49,2006,12F,61
18-49,2006,13,4
18-49,2006,14,8
18-49,2006,15A,11
18-49,2006,15B,6
18-49,2006,15C,5
18-49,2006,16F,24
18-49,2006,17F,10
18-49,2006,18A,2
18-49,2006,18B,1
18-49,2006,18C,13
18-49,2006,19A,148
18-49,2006,19F,10
18-49,2006,20,10
18-49,2006,21,1
18-49,2006,22A,1
18-49,2006,22F,72
18-49,2006,23A,20
18-49,2006,23B,9
18-49,2006,23F,7
18-49,2006,25F,1
18-49,2006,3,58
18-49,2006,31,17
18-49,2006,33F,31
18-49,2006,34,1
18-49,2006,35B,14
18-49,2006,35F,9
18-49,2006,38,9
18-49,2006,4,58
18-49,2006,6A,26
18-49,2006,6B,3
18-49,2006,6C,20
18-49,2006,7C,4
18-49,2006,7F,112
18-49,2006,8,36
18-49,2006,9N,27
18-49,2006,9V,21
18-49,2006,MISS,114
18-49,2006,NT,7
50-64,2006,1,8
50-64,2006,10A,15
50-64,2006,10F,1
50-64,2006,11A,27
50-64,2006,12F,52
50-64,2006,13,4
50-64,2006,14,4
50-64,2006,15A,21
50-64,2006,15B,8
50-64,2006,15C,9
50-64,2006,16F,27
50-64,2006,17F,11
50-64,2006,18A,1
50-64,2006,18B,2
50-64,2006,18C,6
50-64,2006,19A,123
50-64,2006,19F,15
50-64,2006,20,3
50-64,2006,21,1
50-64,2006,22F,69
50-64,2006,23A,17
50-64,2006,23B,11
50-64,2006,23F,6
50-64,2006,28A,2
50-64,2006,29,1
50-64,2006,3,80
50-64,2006,31,21
50-64,2006,33F,22
50-64,2006,34,9
50-64,2006,35B,18
50-64,2006,35F,14
50-64,2006,38,11
50-64,2006,4,34
50-64,2006,5,3
50-64,2006,6A,25
50-64,2006,6B,11
50-64,2006,6C,29
50-64,2006,7C,9
50-64,2006,7F,80
50-64,2006,8,23
50-64,2006,9A,1
50-64,2006,9N,23
50-64,2006,9V,18
50-64,2006,MISS,118
50-64,2006,NT,6
65+,2006,1,8
65+,2006,10A,13
65+,2006,11A,52
65+,2006,12F,31
65+,2006,13,3
65+,2006,14,20
65+,2006,15A,46
65+,2006,15B,11
65+,2006,15C,9
65+,2006,16F,38
65+,2006,17F,25
65+,2006,18B,1
65+,2006,18C,2
65+,2006,19A,169
65+,2006,19F,21
65+,2006,20,11
65+,2006,21,1
65+,2006,22F,75
65+,2006,23A,54
65+,2006,23B,17
65+,2006,23F,14
65+,2006,28A,4
65+,2006,29,1
65+,2006,3,104
65+,2006,31,26
65+,2006,33F,40
65+,2006,34,10
65+,2006,35B,27
65+,2006,35F,15
65+,2006,37,1
65+,2006,38,14
65+,2006,4,22
65+,2006,6A,38
65+,2006,6B,11
65+,2006,6C,59
65+,2006,7C,4
65+,2006,7F,64
65+,2006,8,16
65+,2006,9N,11
65+,2006,9V,20
65+,2006,MISS,145
65+,2006,NT,13
<2,2007,1,2
<2,2007,10A,9
<2,2007,11A,2
<2,2007,12F,7
<2,2007,13,1
<2,2007,14,2
<2,2007,15A,4
<2,2007,15B,4
<2,2007,15C,4
<2,2007,16F,4
<2,2007,17F,1
<2,2007,18C,1
<2,2007,19A,121
<2,2007,19F,4
<2,2007,21,3
<2,2007,22F,14
<2,2007,23A,3
<2,2007,23B,4
<2,2007,3,12
<2,2007,31,1
<2,2007,33F,18
<2,2007,35B,4
<2,2007,38,9
<2,2007,4,1
<2,2007,6C,5
<2,2007,7C,2
<2,2007,7F,39
<2,2007,MISS,43
<2,2007,NT,4
2-4,2007,1,2
2-4,2007,10A,2
2-4,2007,12F,4
2-4,2007,15A,8
2-4,2007,15B,2
2-4,2007,15C,5
2-4,2007,16F,1
2-4,2007,17F,1
2-4,2007,18C,1
2-4,2007,19A,65
2-4,2007,21,1
2-4,2007,22F,7
2-4,2007,23A,5
2-4,2007,23B,2
2-4,2007,3,9
2-4,2007,33F,3
2-4,2007,35B,1
2-4,2007,38,3
2-4,2007,6A,3
2-4,2007,6C,4
2-4,2007,7C,1
2-4,2007,7F,20
2-4,2007,MISS,18
5-17,2007,1,7
5-17,2007,10A,1
5-17,2007,11A,1
5-17,2007,12F,5
5-17,2007,15A,3
5-17,2007,15B,1
5-17,2007,15C,3
5-17,2007,16F,3
5-17,2007,17F,1
5-17,2007,19A,27
5-17,2007,19F,3
5-17,2007,20,2
5-17,2007,22F,8
5-17,2007,23B,5
5-17,2007,23F,1
5-17,2007,29,1
5-17,2007,3,9
5-17,2007,33F,2
5-17,2007,35B,4
5-17,2007,35F,2
5-17,2007,38,1
5-17,2007,4,1
5-17,2007,6A,2
5-17,2007,6C,6
5-17,2007,7F,25
5-17,2007,8,3
5-17,2007,9V,2
5-17,2007,MISS,14
5-17,2007,NT,1
18-49,2007,1,13
18-49,2007,10A,14
18-49,2007,11A,17
18-49,2007,12F,57
18-49,2007,13,6
18-49,2007,14,5
18-49,2007,15A,20
18-49,2007,15B,12
18-49,2007,15C,10
18-49,2007,16F,18
18-49,2007,17F,17
18-49,2007,18C,8
18-49,2007,19A,147
18-49,2007,19F,8
18-49,2007,20,9
18-49,2007,21,1
18-49,2007,22F,64
18-49,2007,23A,23
18-49,2007,23B,18
18-49,2007,23F,4
18-49,2007,3,64
18-49,2007,31,16
18-49,2007,33F,27
18-49,2007,34,6
18-49,2007,35B,16
18-49,2007,35F,9
18-49,2007,37,2
18-49,2007,38,8
18-49,2007,4,35
18-49,2007,5,2
18-49,2007,6A,18
18-49,2007,6B,3
18-49,2007,6C,25
18-49,2007,7C,5
18-49,2007,7F,144
18-49,2007,8,24
18-49,2007,9A,1
18-49,2007,9N,34
18-49,2007,9V,9
18-49,2007,MISS,128
18-49,2007,NT,5
50-64,2007,1,12
50-64,2007,10A,15
50-64,2007,11A,24
50-64,2007,12F,39
50-64,2007,13,1
50-64,2007,14,8
50-64,2007,15A,33
50-64,2007,15B,10
50-64,2007,15C,4
50-64,2007,16F,32
50-64,2007,17F,14
50-64,2007,18A,1
50-64,2007,18C,4
50-64,2007,19A,141
50-64,2007,19F,11
50-64,2007,20,8
50-64,2007,21,1
50-64,2007,22F,57
50-64,2007,23A,21
50-64,2007,23B,15
50-64,2007,23F,4
50-64,2007,3,72
50-64,2007,31,18
50-64,2007,33A,1
50-64,2007,33F,28
50-64,2007,34,3
50-64,2007,35A,1
50-64,2007,35B,31
50-64,2007,35F,7
50-64,2007,38,16
50-64,2007,4,28
50-64,2007,5,1
50-64,2007,6A,23
50-64,2007,6B,5
50-64,2007,6C,27
50-64,2007,7C,10
50-64,2007,7F,113
50-64,2007,8,26
50-64,2007,9N,33
50-64,2007,9V,12
50-64,2007,MISS,153
50-64,2007,NT,6
65+,2007,1,6
65+,2007,10A,13
65+,2007,11A,45
65+,2007,12F,29
65+,2007,14,15
65+,2007,15A,48
65+,2007,15B,13
65+,2007,15C,5
65+,2007,15F,1
65+,2007,16F,48
65+,2007,17F,10
65+,2007,18C,3
65+,2007,19A,162
65+,2007,19F,11
65+,2007,20,8
65+,2007,22F,95
65+,2007,23A,53
65+,2007,23B,12
65+,2007,23F,7
65+,2007,24A,1
65+,2007,28A,1
65+,2007,29,1
65+,2007,3,118
65+,2007,31,25
65+,2007,33F,34
65+,2007,34,5
65+,2007,35B,32
65+,2007,35F,11
65+,2007,37,1
65+,2007,38,22
65+,2007,4,18
65+,2007,6A,36
65+,2007,6B,15
65+,2007,6C,60
65+,2007,7C,13
65+,2007,7F,91
65+,2007,8,20
65+,2007,9A,1
65+,2007,9N,20
65+,2007,9V,12
65+,2007,MISS,136
65+,2007,NT,7
<2,2008,1,1
<2,2008,10A,4
<2,2008,11A,4
<2,2008,12F,4
<2,2008,15A,6
<2,2008,15B,3
<2,2008,15C,9
<2,2008,16F,4
<2,2008,17F,2
<2,2008,18C,2
<2,2008,19A,91
<2,2008,19F,1
<2,2008,20,1
<2,2008,21,4
<2,2008,22F,18
<2,2008,23B,5
<2,2008,3,7
<2,2008,33F,20
<2,2008,34,1
<2,2008,35B,11
<2,2008,35F,2
<2,2008,38,8
<2,2008,4,1
<2,2008,5,2
<2,2008,6A,1
<2,2008,6C,4
<2,2008,7C,1
<2,2008,7F,38
<2,2008,8,3
<2,2008,9N,2
<2,2008,MISS,44
<2,2008,NT,2
2-4,2008,1,5
2-4,2008,12F,2
2-4,2008,15A,1
2-4,2008,15B,2
2-4,2008,15C,5
2-4,2008,17F,1
2-4,2008,18C,3
2-4,2008,19A,57
2-4,2008,19F,2
2-4,2008,21,1
2-4,2008,22F,8
2-4,2008,23A,1
2-4,2008,23B,3
2-4,2008,3,3
2-4,2008,33F,4
2-4,2008,35B,1
2-4,2008,38,3
2-4,2008,4,1
2-4,2008,6A,1
2-4,2008,6B,1
2-4,2008,7F,17
2-4,2008,MISS,31
2-4,2008,NT,1
5-17,2008,1,13
5-17,2008,10A,4
5-17,2008,12F,1
5-17,2008,14,1
5-17,2008,15A,1
5-17,2008,15B,1
5-17,2008,15C,2
5-17,2008,16F,2
5-17,2008,17F,2
5-17,2008,18C,1
5-17,2008,19A,20
5-17,2008,19F,1
5-17,2008,20,1
5-17,2008,21,1
5-17,2008,22F,2
5-17,2008,23A,3
5-17,2008,23B,2
5-17,2008,3,4
5-17,2008,33F,2
5-17,2008,34,1
5-17,2008,35B,2
5-17,2008,35F,1
5-17,2008,38,1
5-17,2008,5,1
5-17,2008,6A,1
5-17,2008,6C,5
5-17,2008,7F,41
5-17,2008,8,1
5-17,2008,9N,3
5-17,2008,9V,1
5-17,2008,MISS,15
18-49,2008,1,22
18-49,2008,10A,16
18-49,2008,11A,19
18-49,2008,12F,47
18-49,2008,13,2
18-49,2008,14,4
18-49,2008,15A,23
18-49,2008,15B,3
18-49,2008,15C,7
18-49,2008,15F,1
18-49,2008,16F,22
18-49,2008,17F,17
18-49,2008,18C,4
18-49,2008,19A,157
18-49,2008,19F,4
18-49,2008,20,16
18-49,2008,21,2
18-49,2008,22F,55
18-49,2008,23A,23
18-49,2008,23B,15
18-49,2008,23F,4
18-49,2008,24F,1
18-49,2008,3,65
18-49,2008,31,15
18-49,2008,33,1
18-49,2008,33F,25
18-49,2008,34,1
18-49,2008,35B,16
18-49,2008,35F,10
18-49,2008,37,2
18-49,2008,38,14
18-49,2008,4,26
18-49,2008,47F,1
18-49,2008,5,1
18-49,2008,6A,15
18-49,2008,6B,9
18-49,2008,6C,24
18-49,2008,7C,13
18-49,2008,7F,216
18-49,2008,8,30
18-49,2008,9N,23
18-49,2008,9V,10
18-49,2008,MISS,152
18-49,2008,NT,7
50-64,2008,1,12
50-64,2008,10A,13
50-64,2008,11A,29
50-64,2008,12F,25
50-64,2008,13,5
50-64,2008,14,4
50-64,2008,15A,23
50-64,2008,15B,6
50-64,2008,15C,11
50-64,2008,16F,26
50-64,2008,17F,14
50-64,2008,18C,4
50-64,2008,18F,1
50-64,2008,19A,168
50-64,2008,19F,7
50-64,2008,20,11
50-64,2008,21,1
50-64,2008,22F,72
50-64,2008,23A,31
50-64,2008,23B,15
50-64,2008,23F,7
50-64,2008,28,1
50-64,2008,28A,1
50-64,2008,3,85
50-64,2008,31,19
50-64,2008,33A,1
50-64,2008,33F,34
50-64,2008,34,4
50-64,2008,35A,1
50-64,2008,35B,11
50-64,2008,35F,15
50-64,2008,38,14
50-64,2008,4,20
50-64,2008,5,2
50-64,2008,6A,15
50-64,2008,6B,6
50-64,2008,6C,33
50-64,2008,7C,7
50-64,2008,7F,154
50-64,2008,8,31
50-64,2008,9N,36
50-64,2008,9V,8
50-64,2008,MISS,145
50-64,2008,NT,6
65+,2008,1,10
65+,2008,10A,11
65+,2008,11A,30
65+,2008,12F,14
65+,2008,13,1
65+,2008,14,9
65+,2008,15A,44
65+,2008,15B,14
65+,2008,15C,6
65+,2008,16F,39
65+,2008,17F,13
65+,2008,18C,4
65+,2008,18F,1
65+,2008,19A,163
65+,2008,19F,12
65+,2008,20,7
65+,2008,21,2
65+,2008,22F,109
65+,2008,23A,52
65+,2008,23B,12
65+,2008,23F,8
65+,2008,25,1
65+,2008,28A,1
65+,2008,3,118
65+,2008,31,29
65+,2008,33F,49
65+,2008,34,7
65+,2008,35B,51
65+,2008,35F,10
65+,2008,37,1
65+,2008,38,25
65+,2008,4,10
65+,2008,43,1
65+,2008,6A,34
65+,2008,6B,13
65+,2008,6C,80
65+,2008,7C,15
65+,2008,7F,138
65+,2008,8,15
65+,2008,9N,25
65+,2008,9V,12
65+,2008,MISS,148
65+,2008,NT,2
<2,2009,1,1
<2,2009,10A,8
<2,2009,11A,4
<2,2009,12F,5
<2,2009,13,1
<2,2009,15A,3
<2,2009,15B,3
<2,2009,15C,5
<2,2009,16F,4
<2,2009,17F,2
<2,2009,19A,118
<2,2009,19F,1
<2,2009,21,2
<2,2009,22F,12
<2,2009,23B,3
<2,2009,23F,1
<2,2009,3,9
<2,2009,33F,22
<2,2009,34,1
<2,2009,35B,6
<2,2009,35F,2
<2,2009,38,9
<2,2009,4,1
<2,2009,5,2
<2,2009,6C,6
<2,2009,7F,42
<2,2009,8,4
<2,2009,9N,2
<2,2009,MISS,29
2-4,2009,1,6
2-4,2009,11A,1
2-4,2009,12F,2
2-4,2009,13,1
2-4,2009,15A,2
2-4,2009,15B,1
2-4,2009,15C,4
2-4,2009,16F,3
2-4,2009,17F,1
2-4,2009,19A,72
2-4,2009,19F,2
2-4,2009,21,1
2-4,2009,22F,11
2-4,2009,23A,1
2-4,2009,23B,4
2-4,2009,3,5
2-4,2009,33F,3
2-4,2009,35B,2
2-4,2009,38,4
2-4,2009,6C,4
2-4,2009,7F,29
2-4,2009,9N,2
2-4,2009,9V,2
2-4,2009,MISS,25
5-17,2009,1,13
5-17,2009,10A,2
5-17,2009,11A,2
5-17,2009,12F,1
5-17,2009,14,2
5-17,2009,15A,1
5-17,2009,15B,2
5-17,2009,16F,1
5-17,2009,17F,1
5-17,2009,18C,3
5-17,2009,19A,22
5-17,2009,19F,1
5-17,2009,20,1
5-17,2009,21,1
5-17,2009,22F,1
5-17,2009,23A,4
5-17,2009,23B,4
5-17,2009,3,7
5-17,2009,31,3
5-17,2009,33F,6
5-17,2009,35B,2
5-17,2009,35F,2
5-17,2009,38,1
5-17,2009,5,1
5-17,2009,6A,2
5-17,2009,6C,7
5-17,2009,7C,3
5-17,2009,7F,54
5-17,2009,8,4
5-17,2009,9N,1
5-17,2009,MISS,21
18-49,2009,1,11
18-49,2009,10A,14
18-49,2009,10F,1
18-49,2009,11A,21
18-49,2009,12F,24
18-49,2009,13,2
18-49,2009,14,2
18-49,2009,15A,29
18-49,2009,15B,7
18-49,2009,15C,6
18-49,2009,16F,33
18-49,2009,17F,5
18-49,2009,18C,1
18-49,2009,18F,1
18-49,2009,19A,154
18-49,2009,19F,6
18-49,2009,20,9
18-49,2009,22F,56
18-49,2009,23A,24
18-49,2009,23B,11
18-49,2009,23F,3
18-49,2009,24F,1
18-49,2009,27,1
18-49,2009,3,63
18-49,2009,31,10
18-49,2009,33F,24
18-49,2009,34,5
18-49,2009,35B,18
18-49,2009,35F,6
18-49,2009,37,3
18-49,2009,38,7
18-49,2009,4,13
18-49,2009,6A,9
18-49,2009,6B,1
18-49,2009,6C,31
18-49,2009,7C,10
18-49,2009,7F,242
18-49,2009,8,34
18-49,2009,9N,34
18-49,2009,9V,11
18-49,2009,MISS,96
18-49,2009,NT,6
50-64,2009,1,7
50-64,2009,10A,14
50-64,2009,11A,23
50-64,2009,12F,21
50-64,2009,13,1
50-64,2009,14,6
50-64,2009,15A,32
50-64,2009,15B,11
50-64,2009,15C,11
50-64,2009,16F,30
50-64,2009,17F,19
50-64,2009,18C,2
50-64,2009,19A,158
50-64,2009,19F,7
50-64,2009,20,11
50-64,2009,22F,80
50-64,2009,23A,21
50-64,2009,23B,19
50-64,2009,23F,3
50-64,2009,28A,3
50-64,2009,3,94
50-64,2009,31,16
50-64,2009,33F,26
50-64,2009,34,3
50-64,2009,35B,21
50-64,2009,35F,9
50-64,2009,38,4
50-64,2009,4,18
50-64,2009,6A,22
50-64,2009,6B,9
50-64,2009,6C,50
50-64,2009,7C,9
50-64,2009,7F,186
50-64,2009,8,20
50-64,2009,9N,39
50-64,2009,9V,6
50-64,2009,MISS,123
50-64,2009,NT,4
65+,2009,1,7
65+,2009,10A,17
65+,2009,11A,36
65+,2009,12F,21
65+,2009,13,2
65+,2009,14,5
65+,2009,15A,41
65+,2009,15B,16
65+,2009,15C,10
65+,2009,16F,39
65+,2009,17F,10
65+,2009,18B,1
65+,2009,18C,1
65+,2009,19A,173
65+,2009,19F,13
65+,2009,20,12
65+,2009,21,2
65+,2009,22F,91
65+,2009,23A,63
65+,2009,23B,21
65+,2009,23F,3
65+,2009,24F,1
65+,2009,3,136
65+,2009,31,26
65+,2009,33F,38
65+,2009,34,8
65+,2009,35B,29
65+,2009,35F,10
65+,2009,37,3
65+,2009,38,15
65+,2009,4,4
65+,2009,6A,31
65+,2009,6B,4
65+,2009,6C,79
65+,2009,7A,1
65+,2009,7C,11
65+,2009,7F,141
65+,2009,8,22
65+,2009,9N,23
65+,2009,9V,5
65+,2009,MISS,144
65+,2009,NT,6
<2,2010,10A,3
<2,2010,11A,4
<2,2010,12F,7
<2,2010,15A,4
<2,2010,15B,7
<2,2010,15C,5
<2,2010,16F,2
<2,2010,18C,1
<2,2010,19A,96
<2,2010,19F,1
<2,2010,21,3
<2,2010,22F,12
<2,2010,23A,4
<2,2010,23B,2
<2,2010,23F,1
<2,2010,3,10
<2,2010,33F,12
<2,2010,34,1
<2,2010,35B,4
<2,2010,35F,2
<2,2010,38,4
<2,2010,6A,1
<2,2010,6B,1
<2,2010,6C,4
<2,2010,7C,2
<2,2010,7F,31
<2,2010,8,2
<2,2010,9N,2
<2,2010,MISS,23
<2,2010,NT,3
2-4,2010,10A,4
2-4,2010,11A,1
2-4,2010,15A,2
2-4,2010,15B,4
2-4,2010,15C,7
2-4,2010,16F,3
2-4,2010,17F,1
2-4,2010,19A,55
2-4,2010,19F,1
2-4,2010,20,2
2-4,2010,21,1
2-4,2010,22F,12
2-4,2010,23A,2
2-4,2010,23B,3
2-4,2010,3,11
2-4,2010,33F,1
2-4,2010,35F,2
2-4,2010,38,3
2-4,2010,6C,4
2-4,2010,7F,30
2-4,2010,MISS,21
2-4,2010,NT,2
5-17,2010,1,9
5-17,2010,10A,2
5-17,2010,12F,2
5-17,2010,15B,4
5-17,2010,15C,1
5-17,2010,16F,1
5-17,2010,17F,1
5-17,2010,19A,17
5-17,2010,21,1
5-17,2010,22F,8
5-17,2010,23B,2
5-17,2010,3,5
5-17,2010,31,2
5-17,2010,33F,2
5-17,2010,34,3
5-17,2010,35B,4
5-17,2010,38,1
5-17,2010,4,1
5-17,2010,6A,1
5-17,2010,6C,3
5-17,2010,7C,1
5-17,2010,7F,31
5-17,2010,8,2
5-17,2010,9V,1
5-17,2010,MISS,5
18-49,2010,1,12
18-49,2010,10A,11
18-49,2010,10F,1
18-49,2010,11A,19
18-49,2010,12F,36
18-49,2010,14,2
18-49,2010,15A,15
18-49,2010,15B,5
18-49,2010,15C,6
18-49,2010,16F,15
18-49,2010,17F,10
18-49,2010,18B,1
18-49,2010,18C,1
18-49,2010,19A,142
18-49,2010,19F,5
18-49,2010,20,7
18-49,2010,21,2
18-49,2010,22F,67
18-49,2010,23A,27
18-49,2010,23B,8
18-49,2010,23F,2
18-49,2010,3,48
18-49,2010,31,9
18-49,2010,33F,20
18-49,2010,34,8
18-49,2010,35B,10
18-49,2010,35F,4
18-49,2010,37,2
18-49,2010,38,10
18-49,2010,4,18
18-49,2010,5,1
18-49,2010,6A,4
18-49,2010,6B,2
18-49,2010,6C,41
18-49,2010,7C,4
18-49,2010,7F,198
18-49,2010,8,26
18-49,2010,9N,41
18-49,2010,9V,6
18-49,2010,MISS,85
18-49,2010,NT,2
50-64,2010,1,6
50-64,2010,10A,18
50-64,2010,11A,24
50-64,2010,12F,35
50-64,2010,13,4
50-64,2010,14,2
50-64,2010,15A,28
50-64,2010,15B,10
50-64,2010,15C,5
50-64,2010,16F,25
50-64,2010,17F,9
50-64,2010,18C,2
50-64,2010,18F,1
50-64,2010,19A,149
50-64,2010,19F,10
50-64,2010,20,14
50-64,2010,21,1
50-64,2010,22F,68
50-64,2010,23A,32
50-64,2010,23B,21
50-64,2010,28A,3
50-64,2010,3,88
50-64,2010,31,14
50-64,2010,33F,25
50-64,2010,34,4
50-64,2010,35B,14
50-64,2010,35F,9
50-64,2010,38,5
50-64,2010,4,12
50-64,2010,5,3
50-64,2010,6A,11
50-64,2010,6B,2
50-64,2010,6C,39
50-64,2010,6D,1
50-64,2010,7C,9
50-64,2010,7F,174
50-64,2010,8,27
50-64,2010,9N,36
50-64,2010,9V,9
50-64,2010,MISS,100
50-64,2010,NT,10
65+,2010,1,7
65+,2010,10A,10
65+,2010,11A,38
65+,2010,12F,13
65+,2010,13,5
65+,2010,14,4
65+,2010,15A,31
65+,2010,15B,8
65+,2010,15C,7
65+,2010,16F,33
65+,2010,17F,15
65+,2010,18C,2
65+,2010,19A,141
65+,2010,19F,11
65+,2010,20,15
65+,2010,21,2
65+,2010,22F,115
65+,2010,23A,50
65+,2010,23B,12
65+,2010,24F,1
65+,2010,3,133
65+,2010,31,25
65+,2010,33F,29
65+,2010,34,6
65+,2010,35B,39
65+,2010,35F,10
65+,2010,37,1
65+,2010,38,26
65+,2010,4,5
65+,2010,6A,22
65+,2010,6B,2
65+,2010,6C,107
65+,2010,7C,21
65+,2010,7F,127
65+,2010,8,19
65+,2010,9N,48
65+,2010,9V,3
65+,2010,MISS,137
65+,2010,NT,11
<2,2011,10A,3
<2,2011,11A,2
<2,2011,12F,4
<2,2011,14,2
<2,2011,15A,6
<2,2011,15B,5
<2,2011,15C,8
<2,2011,16F,1
<2,2011,17F,2
<2,2011,19A,24
<2,2011,19F,3
<2,2011,20,2
<2,2011,22F,24
<2,2011,23A,1
<2,2011,23B,4
<2,2011,3,7
<2,2011,31,1
<2,2011,33F,18
<2,2011,35B,7
<2,2011,38,6
<2,2011,6C,5
<2,2011,7C,2
<2,2011,7F,3
<2,2011,8,4
<2,2011,9N,5
<2,2011,MISS,8
<2,2011,NT,1
2-4,2011,10A,1
2-4,2011,11A,1
2-4,2011,12F,4
2-4,2011,15A,3
2-4,2011,15B,2
2-4,2011,15C,3
2-4,2011,17F,2
2-4,2011,19A,22
2-4,2011,19F,1
2-4,2011,22F,7
2-4,2011,23A,4
2-4,2011,23B,2
2-4,2011,3,7
2-4,2011,31,1
2-4,2011,33F,6
2-4,2011,34,1
2-4,2011,35B,4
2-4,2011,35F,2
2-4,2011,38,4
2-4,2011,6C,3
2-4,2011,7F,10
2-4,2011,9N,1
2-4,2011,MISS,15
2-4,2011,NT,1
5-17,2011,10A,1
5-17,2011,12F,5
5-17,2011,15A,2
5-17,2011,15C,3
5-17,2011,16F,2
5-17,2011,19A,21
5-17,2011,19F,2
5-17,2011,20,1
5-17,2011,21,2
5-17,2011,22F,6
5-17,2011,23A,1
5-17,2011,23B,7
5-17,2011,3,5
5-17,2011,33F,2
5-17,2011,34,2
5-17,2011,35B,3
5-17,2011,37,1
5-17,2011,6C,4
5-17,2011,7F,23
5-17,2011,8,3
5-17,2011,MISS,6
18-49,2011,1,4
18-49,2011,10A,12
18-49,2011,11A,18
18-49,2011,12F,37
18-49,2011,13,2
18-49,2011,14,1
18-49,2011,15A,21
18-49,2011,15B,11
18-49,2011,15C,6
18-49,2011,16F,11
18-49,2011,17F,13
18-49,2011,18A,1
18-49,2011,19A,111
18-49,2011,19F,7
18-49,2011,20,12
18-49,2011,21,3
18-49,2011,22F,64
18-49,2011,23A,22
18-49,2011,23B,5
18-49,2011,23F,1
18-49,2011,24F,2
18-49,2011,28A,1
18-49,2011,3,39
18-49,2011,31,7
18-49,2011,33F,11
18-49,2011,34,8
18-49,2011,35A,1
18-49,2011,35B,18
18-49,2011,35F,7
18-49,2011,38,3
18-49,2011,4,6
18-49,2011,6A,1
18-49,2011,6B,1
18-49,2011,6C,28
18-49,2011,6D,1
18-49,2011,7C,5
18-49,2011,7F,139
18-49,2011,8,34
18-49,2011,9N,31
18-49,2011,9V,6
18-49,2011,MISS,71
18-49,2011,NT,8
50-64,2011,1,2
50-64,2011,10A,11
50-64,2011,10F,1
50-64,2011,11A,34
50-64,2011,12F,44
50-64,2011,13,3
50-64,2011,14,3
50-64,2011,15A,26
50-64,2011,15B,14
50-64,2011,15C,14
50-64,2011,16F,32
50-64,2011,17F,13
50-64,2011,18A,1
50-64,2011,19A,131
50-64,2011,19F,7
50-64,2011,20,15
50-64,2011,21,2
50-64,2011,22F,71
50-64,2011,23A,42
50-64,2011,23B,14
50-64,2011,23F,3
50-64,2011,28A,1
50-64,2011,3,98
50-64,2011,31,21
50-64,2011,33F,42
50-64,2011,34,10
50-64,2011,35B,22
50-64,2011,35F,5
50-64,2011,37,1
50-64,2011,38,10
50-64,2011,4,18
50-64,2011,6A,2
50-64,2011,6C,42
50-64,2011,6D,1
50-64,2011,7C,11
50-64,2011,7F,143
50-64,2011,8,32
50-64,2011,9N,42
50-64,2011,9V,2
50-64,2011,MISS,98
50-64,2011,NT,6
65+,2011,1,4
65+,2011,10A,12
65+,2011,11A,44
65+,2011,12F,20
65+,2011,13,1
65+,2011,14,1
65+,2011,15A,43
65+,2011,15B,23
65+,2011,15C,5
65+,2011,16F,47
65+,2011,17F,20
65+,2011,18A,1
65+,2011,18C,2
65+,2011,19A,130
65+,2011,19F,6
65+,2011,20,18
65+,2011,21,2
65+,2011,22F,140
65+,2011,23A,50
65+,2011,23B,22
65+,2011,23F,2
65+,2011,24F,1
65+,2011,3,129
65+,2011,31,23
65+,2011,33F,39
65+,2011,34,17
65+,2011,35B,35
65+,2011,35F,17
65+,2011,37,1
65+,2011,38,17
65+,2011,4,3
65+,2011,6A,4
65+,2011,6B,2
65+,2011,6C,113
65+,2011,7C,18
65+,2011,7F,78
65+,2011,8,26
65+,2011,9N,32
65+,2011,9V,3
65+,2011,MISS,116
65+,2011,NT,8
<2,2012,10A,3
<2,2012,11A,5
<2,2012,12F,6
<2,2012,15A,5
<2,2012,15B,6
<2,2012,15C,5
<2,2012,18C,1
<2,2012,19A,9
<2,2012,19F,1
<2,2012,21,2
<2,2012,22F,12
<2,2012,23A,3
<2,2012,23B,2
<2,2012,3,3
<2,2012,31,2
<2,2012,33F,13
<2,2012,34,1
<2,2012,35B,11
<2,2012,35F,1
<2,2012,38,6
<2,2012,4,1
<2,2012,6C,4
<2,2012,7C,1
<2,2012,7F,1
<2,2012,8,2
<2,2012,9N,1
<2,2012,MISS,13
<2,2012,NT,1
2-4,2012,10A,5
2-4,2012,11A,1
2-4,2012,12F,2
2-4,2012,15A,1
2-4,2012,15B,7
2-4,2012,15C,7
2-4,2012,16F,1
2-4,2012,19A,11
2-4,2012,19F,2
2-4,2012,21,1
2-4,2012,22F,10
2-4,2012,23A,2
2-4,2012,23B,6
2-4,2012,3,2
2-4,2012,33F,1
2-4,2012,35B,2
2-4,2012,38,5
2-4,2012,6C,1
2-4,2012,7F,2
2-4,2012,8,2
2-4,2012,9N,1
2-4,2012,MISS,3
5-17,2012,1,1
5-17,2012,11A,1
5-17,2012,12F,5
5-17,2012,15A,3
5-17,2012,15B,3
5-17,2012,15C,2
5-17,2012,16F,2
5-17,2012,17F,3
5-17,2012,19A,12
5-17,2012,19F,5
5-17,2012,20,1
5-17,2012,21,1
5-17,2012,22F,6
5-17,2012,23A,3
5-17,2012,23B,5
5-17,2012,3,3
5-17,2012,33F,3
5-17,2012,34,1
5-17,2012,35B,2
5-17,2012,6A,1
5-17,2012,6C,9
5-17,2012,7F,16
5-17,2012,8,4
5-17,2012,9N,3
5-17,2012,MISS,3
18-49,2012,1,4
18-49,2012,10A,11
18-49,2012,11A,29
18-49,2012,12F,31
18-49,2012,13,4
18-49,2012,14,2
18-49,2012,15A,18
18-49,2012,15B,10
18-49,2012,15C,8
18-49,2012,16F,23
18-49,2012,17F,9
18-49,2012,18A,1
18-49,2012,18C,1
18-49,2012,19A,51
18-49,2012,19F,7
18-49,2012,20,5
18-49,2012,22F,70
18-49,2012,23A,22
18-49,2012,23B,13
18-49,2012,24F,1
18-49,2012,28A,2
18-49,2012,3,45
18-49,2012,31,9
18-49,2012,33F,38
18-49,2012,34,5
18-49,2012,35A,1
18-49,2012,35B,20
18-49,2012,35F,4
18-49,2012,37,1
18-49,2012,38,4
18-49,2012,4,8
18-49,2012,6A,3
18-49,2012,6B,1
18-49,2012,6C,17
18-49,2012,7A,1
18-49,2012,7C,12
18-49,2012,7F,61
18-49,2012,8,24
18-49,2012,9L,1
18-49,2012,9N,19
18-49,2012,9V,1
18-49,2012,MISS,63
18-49,2012,NT,3
50-64,2012,1,2
50-64,2012,10A,9
50-64,2012,11A,30
50-64,2012,11B,1
50-64,2012,12F,42
50-64,2012,13,3
50-64,2012,14,1
50-64,2012,15A,25
50-64,2012,15B,12
50-64,2012,15C,18
50-64,2012,16F,27
50-64,2012,17F,9
50-64,2012,18C,1
50-64,2012,19A,79
50-64,2012,19F,13
50-64,2012,20,16
50-64,2012,21,2
50-64,2012,22F,109
50-64,2012,23A,24
50-64,2012,23B,17
50-64,2012,3,91
50-64,2012,31,20
50-64,2012,33F,34
50-64,2012,34,7
50-64,2012,35B,28
50-64,2012,35F,10
50-64,2012,38,7
50-64,2012,4,8
50-64,2012,5,1
50-64,2012,6A,1
50-64,2012,6C,47
50-64,2012,7C,7
50-64,2012,7F,60
50-64,2012,8,35
50-64,2012,9N,58
50-64,2012,9V,4
50-64,2012,MISS,73
50-64,2012,NT,7
65+,2012,10A,8
65+,2012,11A,38
65+,2012,12F,17
65+,2012,13,4
65+,2012,14,2
65+,2012,15A,33
65+,2012,15B,23
65+,2012,15C,8
65+,2012,16F,43
65+,2012,17F,15
65+,2012,19A,83
65+,2012,19F,12
65+,2012,20,16
65+,2012,21,2
65+,2012,22F,127
65+,2012,23A,51
65+,2012,23B,15
65+,2012,23F,4
65+,2012,24F,3
65+,2012,28A,2
65+,2012,3,125
65+,2012,31,27
65+,2012,33F,27
65+,2012,34,15
65+,2012,35B,52
65+,2012,35F,15
65+,2012,37,3
65+,2012,38,33
65+,2012,4,3
65+,2012,6A,7
65+,2012,6B,3
65+,2012,6C,81
65+,2012,7C,13
65+,2012,7F,54
65+,2012,8,24
65+,2012,9N,35
65+,2012,9V,3
65+,2012,MISS,98
65+,2012,NT,5
<2,2013,10A,2
<2,2013,11A,1
<2,2013,12F,2
<2,2013,15A,1
<2,2013,15B,9
<2,2013,15C,6
<2,2013,16F,1
<2,2013,17F,1
<2,2013,19A,4
<2,2013,19F,2
<2,2013,21,5
<2,2013,22F,12
<2,2013,23A,1
<2,2013,23B,3
<2,2013,28A,1
<2,2013,3,4
<2,2013,31,1
<2,2013,33F,21
<2,2013,34,1
<2,2013,35B,10
<2,2013,35F,2
<2,2013,38,10
<2,2013,7C,1
<2,2013,7F,1
<2,2013,8,2
<2,2013,MISS,13
2-4,2013,10A,2
2-4,2013,11A,1
2-4,2013,11B,1
2-4,2013,12F,4
2-4,2013,15A,2
2-4,2013,15B,6
2-4,2013,15C,8
2-4,2013,16F,1
2-4,2013,17F,2
2-4,2013,19A,10
2-4,2013,22F,8
2-4,2013,23A,3
2-4,2013,23B,4
2-4,2013,3,6
2-4,2013,33F,4
2-4,2013,34,2
2-4,2013,35B,5
2-4,2013,35F,2
2-4,2013,38,2
2-4,2013,4,1
2-4,2013,7F,1
2-4,2013,8,1
2-4,2013,MISS,10
5-17,2013,1,1
5-17,2013,10A,1
5-17,2013,11A,2
5-17,2013,12F,4
5-17,2013,13,1
5-17,2013,14,1
5-17,2013,15A,1
5-17,2013,15B,3
5-17,2013,15C,1
5-17,2013,16F,1
5-17,2013,19A,5
5-17,2013,19F,5
5-17,2013,20,3
5-17,2013,21,1
5-17,2013,22F,6
5-17,2013,23A,2
5-17,2013,23B,5
5-17,2013,3,4
5-17,2013,33F,3
5-17,2013,34,4
5-17,2013,35B,4
5-17,2013,35F,1
5-17,2013,37,1
5-17,2013,6C,5
5-17,2013,7C,1
5-17,2013,7F,10
5-17,2013,8,1
5-17,2013,9N,2
5-17,2013,MISS,10
5-17,2013,NT,1
18-49,2013,1,1
18-49,2013,10A,16
18-49,2013,11A,30
18-49,2013,12F,44
18-49,2013,15A,25
18-49,2013,15B,12
18-49,2013,15C,5
18-49,2013,16F,18
18-49,2013,17F,8
18-49,2013,19A,48
18-49,2013,19F,10
18-49,2013,20,13
18-49,2013,22F,77
18-49,2013,23A,22
18-49,2013,23B,16
18-49,2013,23F,1
18-49,2013,28A,1
18-49,2013,3,53
18-49,2013,31,12
18-49,2013,33F,26
18-49,2013,34,5
18-49,2013,35B,24
18-49,2013,35F,4
18-49,2013,37,1
18-49,2013,38,4
18-49,2013,4,17
18-49,2013,5,3
18-49,2013,6B,1
18-49,2013,6C,19
18-49,2013,7C,8
18-49,2013,7F,44
18-49,2013,8,46
18-49,2013,9N,31
18-49,2013,9V,1
18-49,2013,MISS,53
18-49,2013,NT,1
50-64,2013,1,1
50-64,2013,10A,19
50-64,2013,11A,30
50-64,2013,12F,61
50-64,2013,13,4
50-64,2013,14,1
50-64,2013,15A,35
50-64,2013,15B,13
50-64,2013,15C,13
50-64,2013,16F,42
50-64,2013,17F,15
50-64,2013,18C,1
50-64,2013,19A,65
50-64,2013,19F,8
50-64,2013,20,28
50-64,2013,21,3
50-64,2013,22F,97
50-64,2013,23A,45
50-64,2013,23B,22
50-64,2013,23F,1
50-64,2013,28A,3
50-64,2013,3,91
50-64,2013,31,19
50-64,2013,33F,42
50-64,2013,34,14
50-64,2013,35B,34
50-64,2013,35F,14
50-64,2013,38,5
50-64,2013,4,13
50-64,2013,6A,1
50-64,2013,6B,1
50-64,2013,6C,41
50-64,2013,7C,11
50-64,2013,7F,52
50-64,2013,8,48
50-64,2013,9N,58
50-64,2013,9V,3
50-64,2013,MISS,91
50-64,2013,NT,3
65+,2013,1,1
65+,2013,10A,24
65+,2013,10F,2
65+,2013,11A,50
65+,2013,12F,36
65+,2013,13,6
65+,2013,15A,35
65+,2013,15B,22
65+,2013,15C,15
65+,2013,16F,45
65+,2013,17F,15
65+,2013,18A,1
65+,2013,19A,53
65+,2013,19F,19
65+,2013,20,21
65+,2013,21,3
65+,2013,22F,144
65+,2013,23A,61
65+,2013,23B,31
65+,2013,24F,2
65+,2013,28A,2
65+,2013,3,130
65+,2013,31,29
65+,2013,33F,42
65+,2013,34,13
65+,2013,35A,1
65+,2013,35B,53
65+,2013,35F,20
65+,2013,37,1
65+,2013,38,14
65+,2013,4,3
65+,2013,6A,2
65+,2013,6B,2
65+,2013,6C,81
65+,2013,6D,1
65+,2013,7B,1
65+,2013,7C,27
65+,2013,7F,28
65+,2013,8,36
65+,2013,9N,35
65+,2013,9V,1
65+,2013,MISS,106
65+,2013,NT,1
<2,2014,10A,8
<2,2014,11A,1
<2,2014,12F,1
<2,2014,14,1
<2,2014,15A,3
<2,2014,15B,5
<2,2014,15C,5
<2,2014,16F,3
<2,2014,18C,1
<2,2014,18F,1
<2,2014,19A,7
<2,2014,19F,4
<2,2014,20,2
<2,2014,21,4
<2,2014,22F,7
<2,2014,23A,2
<2,2014,23B,6
<2,2014,3,3
<2,2014,33F,15
<2,2014,35B,9
<2,2014,38,2
<2,2014,8,1
<2,2014,9N,2
<2,2014,MISS,16
2-4,2014,10A,2
2-4,2014,11A,4
2-4,2014,12F,2
2-4,2014,15A,6
2-4,2014,15B,1
2-4,2014,15C,4
2-4,2014,16F,2
2-4,2014,19A,8
2-4,2014,19F,4
2-4,2014,22F,10
2-4,2014,23A,3
2-4,2014,23B,10
2-4,2014,3,4
2-4,2014,33F,2
2-4,2014,35B,7
2-4,2014,38,2
2-4,2014,7C,1
2-4,2014,7F,1
2-4,2014,9N,1
2-4,2014,MISS,6
5-17,2014,10A,1
5-17,2014,11A,1
5-17,2014,12F,5
5-17,2014,15A,3
5-17,2014,15B,4
5-17,2014,15C,3
5-17,2014,16F,2
5-17,2014,17F,3
5-17,2014,19A,6
5-17,2014,19F,1
5-17,2014,20,1
5-17,2014,21,2
5-17,2014,22F,6
5-17,2014,23A,4
5-17,2014,23B,5
5-17,2014,3,3
5-17,2014,33F,4
5-17,2014,34,1
5-17,2014,35B,1
5-17,2014,35F,1
5-17,2014,37,1
5-17,2014,38,2
5-17,2014,6C,2
5-17,2014,7F,1
5-17,2014,8,3
5-17,2014,9N,4
5-17,2014,MISS,6
18-49,2014,10A,10
18-49,2014,11A,18
18-49,2014,12F,47
18-49,2014,13,2
18-49,2014,15A,18
18-49,2014,15B,9
18-49,2014,15C,5
18-49,2014,16F,16
18-49,2014,17F,11
18-49,2014,18C,1
18-49,2014,18F,1
18-49,2014,19A,34
18-49,2014,19F,12
18-49,2014,20,18
18-49,2014,21,3
18-49,2014,22F,53
18-49,2014,23A,24
18-49,2014,23B,19
18-49,2014,28A,1
18-49,2014,3,42
18-49,2014,31,9
18-49,2014,33F,17
18-49,2014,34,6
18-49,2014,35B,14
18-49,2014,35F,5
18-49,2014,37,1
18-49,2014,38,4
18-49,2014,39,1
18-49,2014,4,11
18-49,2014,6C,8
18-49,2014,7C,12
18-49,2014,7F,30
18-49,2014,8,35
18-49,2014,9N,37
18-49,2014,9V,2
18-49,2014,MISS,62
18-49,2014,NT,1
50-64,2014,10A,11
50-64,2014,11A,37
50-64,2014,12F,77
50-64,2014,13,1
50-64,2014,14,1
50-64,2014,15A,30
50-64,2014,15B,12
50-64,2014,15C,6
50-64,2014,16F,32
50-64,2014,17F,13
50-64,2014,18C,1
50-64,2014,19A,49
50-64,2014,19F,12
50-64,2014,20,26
50-64,2014,21,3
50-64,2014,22F,68
50-64,2014,23A,33
50-64,2014,23B,28
50-64,2014,24F,3
50-64,2014,28A,2
50-64,2014,3,88
50-64,2014,31,18
50-64,2014,33F,24
50-64,2014,34,9
50-64,2014,35B,43
50-64,2014,35F,10
50-64,2014,38,4
50-64,2014,4,22
50-64,2014,5,1
50-64,2014,6B,5
50-64,2014,6C,41
50-64,2014,7C,16
50-64,2014,7F,25
50-64,2014,8,48
50-64,2014,9N,41
50-64,2014,9V,1
50-64,2014,MISS,78
50-64,2014,NT,1
65+,2014,10A,17
65+,2014,11A,50
65+,2014,12F,30
65+,2014,13,4
65+,2014,14,2
65+,2014,15A,52
65+,2014,15B,19
65+,2014,15C,8
65+,2014,16F,56
65+,2014,17F,8
65+,2014,19A,38
65+,2014,19F,17
65+,2014,20,20
65+,2014,21,3
65+,2014,22F,88
65+,2014,23A,56
65+,2014,23B,32
65+,2014,23F,1
65+,2014,24B,1
65+,2014,24F,4
65+,2014,28A,1
65+,2014,3,102
65+,2014,31,26
65+,2014,33F,20
65+,2014,34,12
65+,2014,35B,59
65+,2014,35F,17
65+,2014,37,1
65+,2014,38,10
65+,2014,4,4
65+,2014,6A,2
65+,2014,6B,2
65+,2014,6C,62
65+,2014,6D,2
65+,2014,7C,23
65+,2014,7F,12
65+,2014,8,30
65+,2014,9N,37
65+,2014,9V,3
65+,2014,MISS,96
65+,2014,NT,2
<2,2015,10A,6
<2,2015,11A,4
<2,2015,12F,5
<2,2015,15A,4
<2,2015,15B,3
<2,2015,15C,9
<2,2015,16F,5
<2,2015,17F,2
<2,2015,19A,7
<2,2015,19F,7
<2,2015,20,1
<2,2015,21,2
<2,2015,22F,9
<2,2015,23A,6
<2,2015,23B,8
<2,2015,3,6
<2,2015,31,1
<2,2015,33F,8
<2,2015,35B,7
<2,2015,35D,1
<2,2015,35F,1
<2,2015,38,2
<2,2015,8,1
<2,2015,9N,3
<2,2015,MISS,23
2-4,2015,10A,4
2-4,2015,12F,1
2-4,2015,15A,5
2-4,2015,15B,1
2-4,2015,15C,2
2-4,2015,16F,1
2-4,2015,19A,5
2-4,2015,19F,3
2-4,2015,22F,6
2-4,2015,23A,1
2-4,2015,23B,8
2-4,2015,3,3
2-4,2015,31,1
2-4,2015,33F,4
2-4,2015,34,1
2-4,2015,35B,1
2-4,2015,35F,3
2-4,2015,38,1
2-4,2015,7C,1
2-4,2015,8,1
2-4,2015,MISS,13
5-17,2015,10A,2
5-17,2015,11A,1
5-17,2015,12F,5
5-17,2015,15A,1
5-17,2015,15B,1
5-17,2015,15C,1
5-17,2015,17F,1
5-17,2015,19A,2
5-17,2015,19F,4
5-17,2015,20,1
5-17,2015,21,3
5-17,2015,22F,8
5-17,2015,23A,2
5-17,2015,23B,3
5-17,2015,3,5
5-17,2015,31,1
5-17,2015,33F,5
5-17,2015,35B,1
5-17,2015,35F,3
5-17,2015,4,3
5-17,2015,7C,1
5-17,2015,7F,2
5-17,2015,8,3
5-17,2015,9N,2
5-17,2015,MISS,9
18-49,2015,10A,6
18-49,2015,11A,19
18-49,2015,11B,1
18-49,2015,12F,39
18-49,2015,13,2
18-49,2015,14,1
18-49,2015,15A,19
18-49,2015,15B,11
18-49,2015,15C,3
18-49,2015,16F,23
18-49,2015,17F,12
18-49,2015,18F,1
18-49,2015,19A,27
18-49,2015,19F,18
18-49,2015,20,21
18-49,2015,21,4
18-49,2015,22F,50
18-49,2015,23A,17
18-49,2015,23B,17
18-49,2015,23F,1
18-49,2015,24F,2
18-49,2015,3,48
18-49,2015,31,7
18-49,2015,33F,21
18-49,2015,34,7
18-49,2015,35B,15
18-49,2015,35F,5
18-49,2015,37,1
18-49,2015,38,5
18-49,2015,4,12
18-49,2015,6A,1
18-49,2015,6C,17
18-49,2015,7C,9
18-49,2015,7F,19
18-49,2015,8,33
18-49,2015,9N,31
18-49,2015,9V,2
18-49,2015,MISS,65
50-64,2015,10A,21
50-64,2015,10F,1
50-64,2015,11A,26
50-64,2015,11B,1
50-64,2015,12F,57
50-64,2015,13,5
50-64,2015,14,1
50-64,2015,15A,32
50-64,2015,15B,8
50-64,2015,15C,5
50-64,2015,16F,30
50-64,2015,17F,13
50-64,2015,18C,1
50-64,2015,19A,40
50-64,2015,19F,20
50-64,2015,20,33
50-64,2015,21,2
50-64,2015,22F,100
50-64,2015,23A,39
50-64,2015,23B,24
50-64,2015,23F,1
50-64,2015,24F,1
50-64,2015,3,99
50-64,2015,31,20
50-64,2015,33F,30
50-64,2015,34,7
50-64,2015,35B,27
50-64,2015,35D,2
50-64,2015,35F,9
50-64,2015,38,8
50-64,2015,4,17
50-64,2015,6A,1
50-64,2015,6B,2
50-64,2015,6C,25
50-64,2015,7C,17
50-64,2015,7F,17
50-64,2015,8,42
50-64,2015,9N,44
50-64,2015,9V,2
50-64,2015,MISS,92
50-64,2015,NT,1
65+,2015,10A,13
65+,2015,11A,41
65+,2015,12F,33
65+,2015,14,1
65+,2015,15A,53
65+,2015,15B,25
65+,2015,15C,9
65+,2015,16F,48
65+,2015,17F,17
65+,2015,19A,31
65+,2015,19F,24
65+,2015,20,25
65+,2015,21,3
65+,2015,22F,114
65+,2015,23A,70
65+,2015,23B,31
65+,2015,23F,1
65+,2015,24F,3
65+,2015,28A,3
65+,2015,3,150
65+,2015,31,28
65+,2015,33F,37
65+,2015,34,18
65+,2015,35B,74
65+,2015,35D,2
65+,2015,35F,9
65+,2015,37,1
65+,2015,38,9
65+,2015,4,4
65+,2015,6A,1
65+,2015,6B,3
65+,2015,6C,56
65+,2015,7C,25
65+,2015,7F,12
65+,2015,8,25
65+,2015,9N,32
65+,2015,9V,2
65+,2015,MISS,125
<2,2016,10A,3
<2,2016,10F,1
<2,2016,11A,2
<2,2016,12F,3
<2,2016,15A,5
<2,2016,15B,3
<2,2016,15C,8
<2,2016,17F,1
<2,2016,19A,7
<2,2016,19F,5
<2,2016,21,5
<2,2016,22F,7
<2,2016,23B,3
<2,2016,28A,1
<2,2016,3,3
<2,2016,33F,11
<2,2016,34,1
<2,2016,35B,11
<2,2016,35D,1
<2,2016,35F,1
<2,2016,38,2
<2,2016,6B,1
<2,2016,7C,1
<2,2016,9N,3
<2,2016,MISS,20
<2,2016,NT,1
2-4,2016,10A,1
2-4,2016,11A,1
2-4,2016,12F,2
2-4,2016,15A,6
2-4,2016,15B,5
2-4,2016,15C,3
2-4,2016,15F,1
2-4,2016,16F,3
2-4,2016,19A,1
2-4,2016,19F,6
2-4,2016,22F,3
2-4,2016,23A,1
2-4,2016,23B,7
2-4,2016,23F,1
2-4,2016,3,6
2-4,2016,33F,2
2-4,2016,34,1
2-4,2016,35F,1
2-4,2016,38,3
2-4,2016,7C,1
2-4,2016,MISS,12
5-17,2016,10A,1
5-17,2016,11A,2
5-17,2016,12F,1
5-17,2016,15A,3
5-17,2016,15B,3
5-17,2016,15C,3
5-17,2016,16F,1
5-17,2016,18C,1
5-17,2016,19A,7
5-17,2016,19F,6
5-17,2016,20,2
5-17,2016,21,1
5-17,2016,22F,5
5-17,2016,23A,2
5-17,2016,23B,6
5-17,2016,3,7
5-17,2016,33F,3
5-17,2016,35F,2
5-17,2016,6B,1
5-17,2016,6C,3
5-17,2016,7C,1
5-17,2016,7F,4
5-17,2016,8,2
5-17,2016,9N,2
5-17,2016,9V,1
5-17,2016,MISS,7
18-49,2016,1,1
18-49,2016,10A,9
18-49,2016,11A,13
18-49,2016,12F,37
18-49,2016,13,3
18-49,2016,15A,16
18-49,2016,15B,6
18-49,2016,15C,7
18-49,2016,16F,16
18-49,2016,17F,10
18-49,2016,18A,1
18-49,2016,18C,2
18-49,2016,19A,21
18-49,2016,19F,21
18-49,2016,20,19
18-49,2016,21,1
18-49,2016,22F,57
18-49,2016,23A,25
18-49,2016,23B,20
18-49,2016,23F,2
18-49,2016,24F,2
18-49,2016,28A,1
18-49,2016,3,61
18-49,2016,31,14
18-49,2016,33F,25
18-49,2016,34,7
18-49,2016,35B,23
18-49,2016,35D,1
18-49,2016,35F,3
18-49,2016,38,1
18-49,2016,4,19
18-49,2016,6A,1
18-49,2016,6B,1
18-49,2016,6C,12
18-49,2016,7C,8
18-49,2016,7F,17
18-49,2016,8,43
18-49,2016,9N,34
18-49,2016,MISS,48
50-64,2016,10A,18
50-64,2016,10F,2
50-64,2016,11A,29
50-64,2016,12F,39
50-64,2016,14,1
50-64,2016,15A,32
50-64,2016,15B,13
50-64,2016,15C,5
50-64,2016,16F,37
50-64,2016,17F,8
50-64,2016,19A,38
50-64,2016,19F,36
50-64,2016,20,43
50-64,2016,21,1
50-64,2016,22F,95
50-64,2016,23A,43
50-64,2016,23B,39
50-64,2016,23F,1
50-64,2016,28A,4
50-64,2016,3,121
50-64,2016,31,16
50-64,2016,33F,31
50-64,2016,34,10
50-64,2016,35A,1
50-64,2016,35B,36
50-64,2016,35D,3
50-64,2016,35F,18
50-64,2016,37,1
50-64,2016,38,10
50-64,2016,4,15
50-64,2016,6A,2
50-64,2016,6B,1
50-64,2016,6C,25
50-64,2016,7B,1
50-64,2016,7C,11
50-64,2016,7F,12
50-64,2016,8,47
50-64,2016,9N,72
50-64,2016,9V,1
50-64,2016,MISS,87
65+,2016,10A,13
65+,2016,11A,40
65+,2016,12F,24
65+,2016,13,4
65+,2016,14,3
65+,2016,15A,60
65+,2016,15B,23
65+,2016,15C,12
65+,2016,16F,39
65+,2016,17F,16
65+,2016,19A,40
65+,2016,19F,17
65+,2016,20,25
65+,2016,22F,131
65+,2016,23A,59
65+,2016,23B,32
65+,2016,23F,1
65+,2016,24F,4
65+,2016,28A,3
65+,2016,3,162
65+,2016,31,22
65+,2016,33F,54
65+,2016,34,16
65+,2016,35B,54
65+,2016,35D,2
65+,2016,35F,17
65+,2016,37,2
65+,2016,38,18
65+,2016,4,7
65+,2016,6A,1
65+,2016,6B,2
65+,2016,6C,37
65+,2016,6D,1
65+,2016,7C,27
65+,2016,7F,6
65+,2016,8,29
65+,2016,9N,42
65+,2016,9V,1
65+,2016,MISS,121
<2,2017,10A,4
<2,2017,10F,1
<2,2017,11A,1
<2,2017,12F,2
<2,2017,15A,2
<2,2017,15B,1
<2,2017,15C,3
<2,2017,19A,2
<2,2017,19F,5
<2,2017,21,2
<2,2017,22F,5
<2,2017,23A,1
<2,2017,23B,5
<2,2017,24F,1
<2,2017,3,10
<2,2017,31,1
<2,2017,33F,9
<2,2017,34,1
<2,2017,35B,5
<2,2017,38,6
<2,2017,7C,2
<2,2017,9N,2
<2,2017,MISS,11
<2,2017,NT,1
2-4,2017,11A,1
2-4,2017,15A,2
2-4,2017,15B,4
2-4,2017,15C,5
2-4,2017,16F,2
2-4,2017,18C,1
2-4,2017,19A,8
2-4,2017,19F,4
2-4,2017,20,2
2-4,2017,21,1
2-4,2017,22F,5
2-4,2017,23B,8
2-4,2017,24B,1
2-4,2017,3,2
2-4,2017,31,1
2-4,2017,33F,1
2-4,2017,34,3
2-4,2017,35B,1
2-4,2017,38,2
2-4,2017,7C,1
2-4,2017,9N,1
2-4,2017,MISS,10
5-17,2017,10A,2
5-17,2017,11A,2
5-17,2017,12F,4
5-17,2017,15A,3
5-17,2017,15B,1
5-17,2017,15C,2
5-17,2017,16F,3
5-17,2017,17F,1
5-17,2017,19A,10
5-17,2017,19F,11
5-17,2017,20,1
5-17,2017,21,4
5-17,2017,22F,7
5-17,2017,23A,5
5-17,2017,23B,5
5-17,2017,3,8
5-17,2017,35B,5
5-17,2017,38,2
5-17,2017,6C,1
5-17,2017,7C,3
5-17,2017,7F,1
5-17,2017,8,2
5-17,2017,9N,1
5-17,2017,MISS,2
18-49,2017,10A,13
18-49,2017,11A,26
18-49,2017,12F,30
18-49,2017,13,1
18-49,2017,15A,10
18-49,2017,15B,11
18-49,2017,15C,6
18-49,2017,16F,12
18-49,2017,17F,6
18-49,2017,19A,15
18-49,2017,19F,14
18-49,2017,20,25
18-49,2017,21,1
18-49,2017,22F,54
18-49,2017,23A,25
18-49,2017,23B,19
18-49,2017,3,62
18-49,2017,31,7
18-49,2017,33F,20
18-49,2017,34,4
18-49,2017,35B,14
18-49,2017,35F,6
18-49,2017,38,6
18-49,2017,4,28
18-49,2017,6C,15
18-49,2017,7C,12
18-49,2017,7F,17
18-49,2017,8,42
18-49,2017,9N,35
18-49,2017,9V,1
18-49,2017,MISS,76
18-49,2017,NT,1
50-64,2017,10A,20
50-64,2017,10F,1
50-64,2017,11A,46
50-64,2017,12F,49
50-64,2017,14,1
50-64,2017,15A,36
50-64,2017,15B,11
50-64,2017,15C,7
50-64,2017,16F,31
50-64,2017,17F,16
50-64,2017,18A,1
50-64,2017,18C,2
50-64,2017,19A,37
50-64,2017,19F,26
50-64,2017,20,36
50-64,2017,21,4
50-64,2017,22F,93
50-64,2017,23A,43
50-64,2017,23B,24
50-64,2017,23F,1
50-64,2017,24F,1
50-64,2017,28A,1
50-64,2017,3,157
50-64,2017,31,16
50-64,2017,33F,31
50-64,2017,34,16
50-64,2017,35B,37
50-64,2017,35D,1
50-64,2017,35F,19
50-64,2017,38,16
50-64,2017,4,28
50-64,2017,5,1
50-64,2017,6A,1
50-64,2017,6B,3
50-64,2017,6C,22
50-64,2017,7C,20
50-64,2017,7F,21
50-64,2017,8,61
50-64,2017,9L,1
50-64,2017,9N,65
50-64,2017,9V,6
50-64,2017,MISS,108
65+,2017,10A,21
65+,2017,10F,1
65+,2017,11A,51
65+,2017,12F,25
65+,2017,13,1
65+,2017,14,3
65+,2017,15A,62
65+,2017,15B,26
65+,2017,15C,18
65+,2017,16F,44
65+,2017,17F,13
65+,2017,19A,35
65+,2017,19F,32
65+,2017,20,31
65+,2017,21,2
65+,2017,22F,110
65+,2017,23A,69
65+,2017,23B,34
65+,2017,23F,1
65+,2017,24A,1
65+,2017,24F,5
65+,2017,28A,3
65+,2017,3,183
65+,2017,31,37
65+,2017,33F,43
65+,2017,34,14
65+,2017,35B,82
65+,2017,35D,1
65+,2017,35F,25
65+,2017,37,2
65+,2017,38,28
65+,2017,4,8
65+,2017,6A,2
65+,2017,6B,3
65+,2017,6C,37
65+,2017,6D,1
65+,2017,7C,28
65+,2017,7F,7
65+,2017,8,38
65+,2017,9L,1
65+,2017,9N,46
65+,2017,9V,1
65+,2017,MISS,114
65+,2017,NT,2
<2,2018,10A,5
<2,2018,11A,2
<2,2018,15A,4
<2,2018,15B,5
<2,2018,15C,7
<2,2018,16F,4
<2,2018,17F,1
<2,2018,19A,2
<2,2018,19F,5
<2,2018,21,3
<2,2018,22F,7
<2,2018,23A,1
<2,2018,23B,4
<2,2018,3,6
<2,2018,31,1
<2,2018,33F,9
<2,2018,34,1
<2,2018,35B,3
<2,2018,35F,2
<2,2018,38,2
<2,2018,7C,6
<2,2018,8,1
<2,2018,9N,2
<2,2018,MISS,10
2-4,2018,10A,1
2-4,2018,11A,2
2-4,2018,12F,2
2-4,2018,15A,2
2-4,2018,15B,4
2-4,2018,15C,5
2-4,2018,16F,1
2-4,2018,18C,1
2-4,2018,19A,1
2-4,2018,19F,3
2-4,2018,21,2
2-4,2018,22F,2
2-4,2018,23A,1
2-4,2018,23B,6
2-4,2018,3,7
2-4,2018,33A,1
2-4,2018,33F,4
2-4,2018,35F,1
2-4,2018,38,2
2-4,2018,6C,2
2-4,2018,MISS,4
5-17,2018,10A,1
5-17,2018,12F,1
5-17,2018,13,1
5-17,2018,15A,1
5-17,2018,15B,1
5-17,2018,15C,4
5-17,2018,16F,4
5-17,2018,19A,5
5-17,2018,19F,11
5-17,2018,20,1
5-17,2018,21,3
5-17,2018,22F,13
5-17,2018,23A,2
5-17,2018,23B,3
5-17,2018,24F,1
5-17,2018,3,13
5-17,2018,33F,2
5-17,2018,34,1
5-17,2018,35B,4
5-17,2018,4,1
5-17,2018,6C,2
5-17,2018,7C,2
5-17,2018,7F,1
5-17,2018,8,3
5-17,2018,9N,2
5-17,2018,MISS,13
18-49,2018,1,1
18-49,2018,10A,12
18-49,2018,11A,16
18-49,2018,12F,31
18-49,2018,13,3
18-49,2018,14,1
18-49,2018,15A,22
18-49,2018,15B,4
18-49,2018,15C,6
18-49,2018,16F,19
18-49,2018,17F,9
18-49,2018,19A,25
18-49,2018,19F,19
18-49,2018,20,27
18-49,2018,21,1
18-49,2018,22F,55
18-49,2018,23A,16
18-49,2018,23B,21
18-49,2018,24F,1
18-49,2018,3,63
18-49,2018,31,4
18-49,2018,33F,23
18-49,2018,34,7
18-49,2018,35B,17
18-49,2018,35F,5
18-49,2018,37,1
18-49,2018,38,5
18-49,2018,4,62
18-49,2018,6A,1
18-49,2018,6B,1
18-49,2018,6C,17
18-49,2018,7C,8
18-49,2018,7F,11
18-49,2018,8,36
18-49,2018,9N,60
18-49,2018,9V,1
18-49,2018,MISS,90
50-64,2018,10A,17
50-64,2018,11A,39
50-64,2018,12F,48
50-64,2018,13,3
50-64,2018,14,1
50-64,2018,15A,42
50-64,2018,15B,6
50-64,2018,15C,9
50-64,2018,16F,37
50-64,2018,17F,14
50-64,2018,19A,29
50-64,2018,19F,28
50-64,2018,20,49
50-64,2018,21,2
50-64,2018,22F,104
50-64,2018,23A,45
50-64,2018,23B,29
50-64,2018,24F,1
50-64,2018,28A,2
50-64,2018,3,161
50-64,2018,31,20
50-64,2018,33F,25
50-64,2018,34,13
50-64,2018,35B,30
50-64,2018,35D,2
50-64,2018,35F,11
50-64,2018,37,1
50-64,2018,38,10
50-64,2018,4,33
50-64,2018,6A,1
50-64,2018,6B,3
50-64,2018,6C,20
50-64,2018,7C,13
50-64,2018,7F,18
50-64,2018,8,43
50-64,2018,9L,1
50-64,2018,9N,76
50-64,2018,9V,3
50-64,2018,MISS,117
50-64,2018,NT,4
65+,2018,10A,14
65+,2018,10F,2
65+,2018,11A,48
65+,2018,12F,16
65+,2018,13,1
65+,2018,14,2
65+,2018,15A,71
65+,2018,15B,17
65+,2018,15C,13
65+,2018,15D,1
65+,2018,16F,57
65+,2018,17F,10
65+,2018,19A,23
65+,2018,19F,25
65+,2018,20,23
65+,2018,21,2
65+,2018,22F,118
65+,2018,23A,63
65+,2018,23B,31
65+,2018,24F,1
65+,2018,28A,3
65+,2018,3,179
65+,2018,31,31
65+,2018,33F,51
65+,2018,34,26
65+,2018,35B,56
65+,2018,35D,2
65+,2018,35F,12
65+,2018,37,2
65+,2018,38,13
65+,2018,4,10
65+,2018,6A,1
65+,2018,6B,1
65+,2018,6C,48
65+,2018,7C,28
65+,2018,7F,6
65+,2018,8,37
65+,2018,9N,54
65+,2018,MISS,140
65+,2018,NT,3
<2,2019,10A,5
<2,2019,11A,2
<2,2019,15A,3
<2,2019,15B,4
<2,2019,15C,5
<2,2019,16F,4
<2,2019,19A,2
<2,2019,19F,9
<2,2019,21,1
<2,2019,22F,6
<2,2019,23A,1
<2,2019,23B,5
<2,2019,3,7
<2,2019,31,1
<2,2019,33F,11
<2,2019,34,1
<2,2019,35B,10
<2,2019,35F,2
<2,2019,38,4
<2,2019,8,2
<2,2019,MISS,11
<2,2019,NT,1
2-4,2019,11A,1
2-4,2019,12F,2
2-4,2019,15A,2
2-4,2019,15B,2
2-4,2019,15C,3
2-4,2019,16F,3
2-4,2019,18C,1
2-4,2019,19A,3
2-4,2019,19F,2
2-4,2019,21,1
2-4,2019,22F,5
2-4,2019,23A,5
2-4,2019,23B,5
2-4,2019,3,7
2-4,2019,33F,2
2-4,2019,35B,4
2-4,2019,35D,1
2-4,2019,35F,2
2-4,2019,MISS,4
5-17,2019,10A,1
5-17,2019,11A,2
5-17,2019,15A,2
5-17,2019,15B,4
5-17,2019,15C,3
5-17,2019,16F,2
5-17,2019,17F,1
5-17,2019,19A,6
5-17,2019,19F,3
5-17,2019,20,1
5-17,2019,22F,7
5-17,2019,23A,1
5-17,2019,23B,6
5-17,2019,3,8
5-17,2019,33F,1
5-17,2019,35B,4
5-17,2019,38,1
5-17,2019,6C,3
5-17,2019,7C,2
5-17,2019,8,6
5-17,2019,9N,2
5-17,2019,MISS,13
18-49,2019,1,1
18-49,2019,10A,12
18-49,2019,10F,1
18-49,2019,11A,13
18-49,2019,12F,32
18-49,2019,13,3
18-49,2019,15A,14
18-49,2019,15B,6
18-49,2019,15C,3
18-49,2019,15F,1
18-49,2019,16F,15
18-49,2019,17F,10
18-49,2019,19A,15
18-49,2019,19F,24
18-49,2019,20,30
18-49,2019,22F,49
18-49,2019,23A,27
18-49,2019,23B,19
18-49,2019,28A,4
18-49,2019,3,84
18-49,2019,31,13
18-49,2019,33A,1
18-49,2019,33F,17
18-49,2019,34,8
18-49,2019,35B,17
18-49,2019,35F,6
18-49,2019,37,1
18-49,2019,38,3
18-49,2019,4,35
18-49,2019,6C,13
18-49,2019,7C,10
18-49,2019,7F,6
18-49,2019,8,43
18-49,2019,9N,47
18-49,2019,MISS,84
50-64,2019,10A,18
50-64,2019,11A,33
50-64,2019,12F,41
50-64,2019,13,1
50-64,2019,15A,40
50-64,2019,15B,14
50-64,2019,15C,11
50-64,2019,16F,40
50-64,2019,17F,10
50-64,2019,18A,1
50-64,2019,19A,30
50-64,2019,19F,30
50-64,2019,20,42
50-64,2019,21,2
50-64,2019,22F,89
50-64,2019,23A,40
50-64,2019,23B,39
50-64,2019,28A,4
50-64,2019,3,135
50-64,2019,31,19
50-64,2019,33F,35
50-64,2019,34,13
50-64,2019,35B,33
50-64,2019,35D,1
50-64,2019,35F,11
50-64,2019,37,1
50-64,2019,38,5
50-64,2019,4,34
50-64,2019,6A,2
50-64,2019,6C,21
50-64,2019,7C,13
50-64,2019,7F,6
50-64,2019,8,49
50-64,2019,9L,1
50-64,2019,9N,63
50-64,2019,MISS,117
50-64,2019,NT,5
65+,2019,10A,19
65+,2019,10F,2
65+,2019,11A,48
65+,2019,12F,28
65+,2019,13,1
65+,2019,14,2
65+,2019,15A,65
65+,2019,15B,18
65+,2019,15C,15
65+,2019,16F,53
65+,2019,17F,13
65+,2019,18B,2
65+,2019,18C,1
65+,2019,19A,30
65+,2019,19F,34
65+,2019,20,25
65+,2019,21,4
65+,2019,22F,118
65+,2019,23A,65
65+,2019,23B,30
65+,2019,24F,1
65+,2019,28A,4
65+,2019,3,197
65+,2019,31,37
65+,2019,33F,54
65+,2019,34,12
65+,2019,35B,76
65+,2019,35D,3
65+,2019,35F,20
65+,2019,37,1
65+,2019,38,11
65+,2019,4,7
65+,2019,45,1
65+,2019,6A,2
65+,2019,6B,3
65+,2019,6C,26
65+,2019,7C,21
65+,2019,7F,5
65+,2019,8,29
65+,2019,9N,46
65+,2019,9V,2
65+,2019,MISS,132
65+,2019,NT,2
<2,2020,10A,1
<2,2020,15A,3
<2,2020,15C,6
<2,2020,17F,1
<2,2020,19F,1
<2,2020,22F,6
<2,2020,23A,2
<2,2020,23B,1
<2,2020,3,2
<2,2020,33F,3
<2,2020,35B,4
<2,2020,35D,2
<2,2020,7C,1
<2,2020,8,3
<2,2020,MISS,5
<2,2020,NT,1
2-4,2020,10A,1
2-4,2020,15A,3
2-4,2020,15B,1
2-4,2020,15C,4
2-4,2020,19A,1
2-4,2020,19F,1
2-4,2020,22F,2
2-4,2020,23A,2
2-4,2020,23B,5
2-4,2020,3,1
2-4,2020,33F,1
2-4,2020,7C,1
5-17,2020,10A,1
5-17,2020,11A,1
5-17,2020,15C,2
5-17,2020,16F,1
5-17,2020,17F,1
5-17,2020,19A,1
5-17,2020,19F,3
5-17,2020,23B,2
5-17,2020,3,3
5-17,2020,33F,1
5-17,2020,34,2
5-17,2020,35B,2
5-17,2020,35F,1
5-17,2020,7F,1
5-17,2020,8,1
5-17,2020,9N,1
5-17,2020,MISS,5
18-49,2020,10A,2
18-49,2020,10F,1
18-49,2020,11A,21
18-49,2020,12F,30
18-49,2020,13,1
18-49,2020,15A,6
18-49,2020,15B,5
18-49,2020,15C,6
18-49,2020,16F,5
18-49,2020,17F,3
18-49,2020,19A,5
18-49,2020,19F,15
18-49,2020,20,25
18-49,2020,21,2
18-49,2020,22F,34
18-49,2020,23A,18
18-49,2020,23B,12
18-49,2020,24F,1
18-49,2020,3,47
18-49,2020,31,7
18-49,2020,33F,15
18-49,2020,34,3
18-49,2020,35B,7
18-49,2020,35F,5
18-49,2020,37,1
18-49,2020,38,1
18-49,2020,4,41
18-49,2020,6C,3
18-49,2020,7C,9
18-49,2020,7F,7
18-49,2020,8,13
18-49,2020,9N,41
18-49,2020,9V,1
18-49,2020,MISS,69
18-49,2020,NT,1
50-64,2020,10A,9
50-64,2020,10F,1
50-64,2020,11A,21
50-64,2020,12F,25
50-64,2020,13,2
50-64,2020,15A,26
50-64,2020,15B,9
50-64,2020,15C,3
50-64,2020,16F,32
50-64,2020,17F,8
50-64,2020,19A,15
50-64,2020,19F,13
50-64,2020,20,25
50-64,2020,21,2
50-64,2020,22F,50
50-64,2020,23A,31
50-64,2020,23B,15
50-64,2020,27,1
50-64,2020,28A,2
50-64,2020,3,78
50-64,2020,31,9
50-64,2020,33F,13
50-64,2020,34,4
50-64,2020,35B,29
50-64,2020,35D,2
50-64,2020,35F,7
50-64,2020,38,5
50-64,2020,4,30
50-64,2020,6B,2
50-64,2020,6C,12
50-64,2020,7C,13
50-64,2020,7F,4
50-64,2020,8,20
50-64,2020,9N,43
50-64,2020,9V,1
50-64,2020,MISS,98
65+,2020,10A,16
65+,2020,11A,26
65+,2020,12F,6
65+,2020,13,1
65+,2020,14,3
65+,2020,15A,26
65+,2020,15B,11
65+,2020,15C,9
65+,2020,16F,22
65+,2020,17F,3
65+,2020,19A,18
65+,2020,19F,15
65+,2020,20,15
65+,2020,21,1
65+,2020,22F,58
65+,2020,23A,23
65+,2020,23B,12
65+,2020,23F,1
65+,2020,24F,1
65+,2020,28A,1
65+,2020,3,106
65+,2020,31,12
65+,2020,33F,22
65+,2020,34,9
65+,2020,35B,29
65+,2020,35F,10
65+,2020,37,1
65+,2020,38,3
65+,2020,4,7
65+,2020,6C,12
65+,2020,7C,14
65+,2020,7F,4
65+,2020,8,11
65+,2020,9N,32
65+,2020,9V,1
65+,2020,MISS,121
65+,2020,NT,3
<2,2021,10A,1
<2,2021,11A,1
<2,2021,13,2
<2,2021,15A,9
<2,2021,15B,4
<2,2021,15C,5
<2,2021,16F,1
<2,2021,19A,2
<2,2021,19F,7
<2,2021,21,3
<2,2021,22F,1
<2,2021,23A,2
<2,2021,23B,2
<2,2021,3,1
<2,2021,33F,6
<2,2021,35B,1
<2,2021,35F,2
<2,2021,7C,1
<2,2021,8,1
<2,2021,9N,4
<2,2021,MISS,7
<2,2021,NT,1
2-4,2021,10A,2
2-4,2021,11A,2
2-4,2021,15B,1
2-4,2021,15C,2
2-4,2021,16F,2
2-4,2021,19A,1
2-4,2021,19F,4
2-4,2021,22F,1
2-4,2021,23A,1
2-4,2021,23B,4
2-4,2021,3,2
2-4,2021,33F,1
2-4,2021,35F,1
2-4,2021,4,1
2-4,2021,8,1
2-4,2021,MISS,7
2-4,2021,NT,1
5-17,2021,11A,2
5-17,2021,15A,1
5-17,2021,16F,1
5-17,2021,19F,3
5-17,2021,22F,3
5-17,2021,23A,3
5-17,2021,23B,2
5-17,2021,23F,1
5-17,2021,3,3
5-17,2021,35B,1
5-17,2021,35F,1
5-17,2021,8,2
5-17,2021,MISS,8
18-49,2021,10A,7
18-49,2021,11A,4
18-49,2021,12F,25
18-49,2021,14,1
18-49,2021,15A,14
18-49,2021,15B,7
18-49,2021,15C,4
18-49,2021,16F,9
18-49,2021,17F,5
18-49,2021,19A,6
18-49,2021,19F,19
18-49,2021,20,21
18-49,2021,21,2
18-49,2021,22F,25
18-49,2021,23A,14
18-49,2021,23B,6
18-49,2021,28A,1
18-49,2021,3,38
18-49,2021,31,2
18-49,2021,33F,10
18-49,2021,34,4
18-49,2021,35B,14
18-49,2021,35D,1
18-49,2021,35F,5
18-49,2021,4,51
18-49,2021,6C,10
18-49,2021,7C,10
18-49,2021,8,12
18-49,2021,9N,34
18-49,2021,9V,2
18-49,2021,MISS,96
50-64,2021,10A,9
50-64,2021,10F,3
50-64,2021,11A,20
50-64,2021,12F,18
50-64,2021,13,3
50-64,2021,15A,14
50-64,2021,15B,8
50-64,2021,15C,3
50-64,2021,16F,23
50-64,2021,17F,5
50-64,2021,18C,1
50-64,2021,19A,9
50-64,2021,19B,1
50-64,2021,19F,19
50-64,2021,20,31
50-64,2021,21,1
50-64,2021,22F,27
50-64,2021,23A,23
50-64,2021,23B,23
50-64,2021,28A,2
50-64,2021,3,79
50-64,2021,31,8
50-64,2021,33B,1
50-64,2021,33F,11
50-64,2021,34,4
50-64,2021,35B,25
50-64,2021,35F,8
50-64,2021,38,1
50-64,2021,4,27
50-64,2021,6A,1
50-64,2021,6B,1
50-64,2021,6C,10
50-64,2021,7C,14
50-64,2021,7F,2
50-64,2021,8,16
50-64,2021,9N,47
50-64,2021,9V,2
50-64,2021,MISS,162
50-64,2021,NT,3
65+,2021,10A,5
65+,2021,11A,15
65+,2021,12F,7
65+,2021,13,3
65+,2021,15A,35
65+,2021,15B,11
65+,2021,15C,4
65+,2021,15F,1
65+,2021,16F,23
65+,2021,17F,2
65+,2021,18C,2
65+,2021,19A,11
65+,2021,19F,14
65+,2021,20,11
65+,2021,21,1
65+,2021,22F,40
65+,2021,23A,39
65+,2021,23B,13
65+,2021,28A,3
65+,2021,3,64
65+,2021,31,12
65+,2021,33F,15
65+,2021,34,7
65+,2021,35B,43
65+,2021,35F,16
65+,2021,4,8
65+,2021,6B,2
65+,2021,6C,8
65+,2021,7C,13
65+,2021,7F,1
65+,2021,8,8
65+,2021,9N,36
65+,2021,MISS,128
